DateTime	ResolutionCode	AreaCode	AreaTypeCode	AreaName	MapCode	TotalLoadValue	UpdateTime
2022-01-01 00:00:00.000	PT60M	10YNO-2--------T	BZN	NO2 BZN	NO2	4440.2	2022-01-02 03:00:55
2022-01-01 01:00:00.000	PT60M	10YNO-2--------T	BZN	NO2 BZN	NO2	4479.93	2022-01-02 03:00:55
2022-01-01 02:00:00.000	PT60M	10YNO-2--------T	BZN	NO2 BZN	NO2	4423.58	2022-01-02 03:00:55
2022-01-01 03:00:00.000	PT60M	10YNO-2--------T	BZN	NO2 BZN	NO2	4386.05	2022-01-02 03:00:55
2022-01-01 00:00:00.000	PT60M	10YNO-4--------9	BZN	NO4 BZN	NO4	2422.28	2022-01-02 03:00:55
2022-01-01 01:00:00.000	PT60M	10YNO-4--------9	BZN	NO4 BZN	NO4	2360.06	2022-01-02 03:00:55
2022-01-01 02:00:00.000	PT60M	10YNO-4--------9	BZN	NO4 BZN	NO4	2400.26	2022-01-02 03:00:55
2022-01-01 03:00:00.000	PT60M	10YNO-4--------9	BZN	NO4 BZN	NO4	2361.18	2022-01-02 03:00:55
2022-01-01 00:00:00.000	PT60M	10Y1001A1001A73I	BZN	IT-North BZN	IT-NORTH	10583.0	2022-02-10 07:16:12
2022-01-01 01:00:00.000	PT60M	10Y1001A1001A73I	BZN	IT-North BZN	IT-NORTH	10054.0	2022-02-10 07:16:12
2022-01-01 02:00:00.000	PT60M	10Y1001A1001A73I	BZN	IT-North BZN	IT-NORTH	9573.0	2022-01-02 07:15:50
2022-01-01 03:00:00.000	PT60M	10Y1001A1001A73I	BZN	IT-North BZN	IT-NORTH	9402.0	2022-02-10 07:16:12
2022-01-01 00:00:00.000	PT60M	10YHR-HEP------M	CTA	HR CTA	HR	1676.0	2022-01-03 10:01:19
2022-01-01 01:00:00.000	PT60M	10YHR-HEP------M	CTA	HR CTA	HR	1579.0	2022-01-04 14:00:52
2022-01-01 02:00:00.000	PT60M	10YHR-HEP------M	CTA	HR CTA	HR	1503.0	2022-01-01 04:45:47
2022-01-01 03:00:00.000	PT60M	10YHR-HEP------M	CTA	HR CTA	HR	1462.0	2022-01-04 14:00:52
2022-01-01 00:00:00.000	PT60M	10YGR-HTSO-----Y	CTY	GR CTY	GR	4462.0	2022-01-01 03:00:51
2022-01-01 01:00:00.000	PT60M	10YGR-HTSO-----Y	CTY	GR CTY	GR	4202.0	2022-01-01 04:00:49
2022-01-01 02:00:00.000	PT60M	10YGR-HTSO-----Y	CTY	GR CTY	GR	4034.0	2022-01-01 05:00:57
2022-01-01 03:00:00.000	PT60M	10YGR-HTSO-----Y	CTY	GR CTY	GR	3991.0	2022-01-01 06:00:55
2022-01-01 01:15:00.000	PT15M	10YBE----------2	BZN	BE BZN	BE	7199.26	2022-03-05 09:16:12
2022-01-01 01:30:00.000	PT15M	10YBE----------2	BZN	BE BZN	BE	7162.67	2022-03-05 09:16:12
2022-01-01 01:45:00.000	PT15M	10YBE----------2	BZN	BE BZN	BE	7083.56	2022-03-05 09:16:12
2022-01-01 02:00:00.000	PT15M	10YBE----------2	BZN	BE BZN	BE	7016.43	2022-03-05 09:16:12
2022-01-01 02:15:00.000	PT15M	10YBE----------2	BZN	BE BZN	BE	7026.58	2022-03-05 09:16:12
2022-01-01 02:30:00.000	PT15M	10YBE----------2	BZN	BE BZN	BE	7013.78	2022-03-05 09:16:12
2022-01-01 02:45:00.000	PT15M	10YBE----------2	BZN	BE BZN	BE	6975.85	2022-03-05 09:16:12
2022-01-01 03:00:00.000	PT15M	10YBE----------2	BZN	BE BZN	BE	6957.55	2022-03-05 09:16:12
2022-01-01 03:15:00.000	PT15M	10YBE----------2	BZN	BE BZN	BE	6956.04	2022-03-05 09:16:12
2022-01-01 03:30:00.000	PT15M	10YBE----------2	BZN	BE BZN	BE	6974.37	2022-03-05 09:16:12
2022-01-01 03:45:00.000	PT15M	10YBE----------2	BZN	BE BZN	BE	6965.81	2022-03-05 09:16:12
2022-01-01 00:00:00.000	PT15M	10YBE----------2	BZN	BE BZN	BE	7842.55	2022-03-05 09:16:12
2022-01-01 00:15:00.000	PT15M	10YBE----------2	BZN	BE BZN	BE	7711.5	2022-03-05 09:16:12
2022-01-01 00:30:00.000	PT15M	10YBE----------2	BZN	BE BZN	BE	7627.31	2022-03-05 09:16:12
2022-01-01 00:45:00.000	PT15M	10YBE----------2	BZN	BE BZN	BE	7453.07	2022-03-05 09:16:12
2022-01-01 01:00:00.000	PT15M	10YBE----------2	BZN	BE BZN	BE	7300.43	2022-03-05 09:16:12
2022-01-01 00:00:00.000	PT60M	10YBA-JPCC-----D	CTA	BA CTA	BA	980.86	2022-01-01 02:45:45
2022-01-01 01:00:00.000	PT60M	10YBA-JPCC-----D	CTA	BA CTA	BA	887.42	2022-01-01 03:45:46
2022-01-01 02:00:00.000	PT60M	10YBA-JPCC-----D	CTA	BA CTA	BA	876.31	2022-01-01 04:45:48
2022-01-01 03:00:00.000	PT60M	10YBA-JPCC-----D	CTA	BA CTA	BA	885.82	2022-01-01 05:45:45
2022-01-01 00:00:00.000	PT60M	10Y1001A1001A990	CTA	MD CTA	MD	526.0	2022-01-01 02:15:46
2022-01-01 01:00:00.000	PT60M	10Y1001A1001A990	CTA	MD CTA	MD	500.0	2022-01-01 03:15:49
2022-01-01 02:00:00.000	PT60M	10Y1001A1001A990	CTA	MD CTA	MD	480.0	2022-01-01 04:15:51
2022-01-01 03:00:00.000	PT60M	10Y1001A1001A990	CTA	MD CTA	MD	478.0	2022-01-01 05:15:51
2022-01-01 00:00:00.000	PT60M	10YSI-ELES-----O	CTA	SI CTA	SI	1127.41	2022-01-01 03:00:52
2022-01-01 01:00:00.000	PT60M	10YSI-ELES-----O	CTA	SI CTA	SI	1082.8	2022-01-01 04:00:47
2022-01-01 02:00:00.000	PT60M	10YSI-ELES-----O	CTA	SI CTA	SI	1052.74	2022-01-01 05:00:54
2022-01-01 03:00:00.000	PT60M	10YSI-ELES-----O	CTA	SI CTA	SI	1047.34	2022-01-01 06:00:54
2022-01-01 00:00:00.000	PT60M	10Y1001A1001A39I	CTY	EE CTY	EE	874.3	2022-01-01 02:16:04
2022-01-01 01:00:00.000	PT60M	10Y1001A1001A39I	CTY	EE CTY	EE	860.1	2022-01-01 03:16:03
2022-01-01 02:00:00.000	PT60M	10Y1001A1001A39I	CTY	EE CTY	EE	842.7	2022-01-01 04:16:48
2022-01-01 03:00:00.000	PT60M	10Y1001A1001A39I	CTY	EE CTY	EE	844.7	2022-01-01 05:16:08
2022-01-01 01:15:00.000	PT15M	10YHU-MAVIR----U	BZN	HU BZN	HU	3950.4	2022-01-01 02:45:49
2022-01-01 01:30:00.000	PT15M	10YHU-MAVIR----U	BZN	HU BZN	HU	3882.07	2022-01-01 03:00:56
2022-01-01 01:45:00.000	PT15M	10YHU-MAVIR----U	BZN	HU BZN	HU	3824.12	2022-01-01 03:15:59
2022-01-01 02:00:00.000	PT15M	10YHU-MAVIR----U	BZN	HU BZN	HU	3769.6	2022-01-01 03:30:50
2022-01-01 02:15:00.000	PT15M	10YHU-MAVIR----U	BZN	HU BZN	HU	3732.59	2022-01-01 03:45:50
2022-01-01 02:30:00.000	PT15M	10YHU-MAVIR----U	BZN	HU BZN	HU	3707.15	2022-01-01 04:00:52
2022-01-01 02:45:00.000	PT15M	10YHU-MAVIR----U	BZN	HU BZN	HU	3677.45	2022-01-01 04:16:42
2022-01-01 03:00:00.000	PT15M	10YHU-MAVIR----U	BZN	HU BZN	HU	3664.4	2022-01-01 04:30:52
2022-01-01 03:15:00.000	PT15M	10YHU-MAVIR----U	BZN	HU BZN	HU	3655.62	2022-01-01 04:45:51
2022-01-01 03:30:00.000	PT15M	10YHU-MAVIR----U	BZN	HU BZN	HU	3647.42	2022-01-01 05:00:59
2022-01-01 03:45:00.000	PT15M	10YHU-MAVIR----U	BZN	HU BZN	HU	3662.17	2022-01-01 05:16:02
2022-01-01 00:00:00.000	PT15M	10YHU-MAVIR----U	BZN	HU BZN	HU	4254.23	2022-01-01 01:30:52
2022-01-01 00:15:00.000	PT15M	10YHU-MAVIR----U	BZN	HU BZN	HU	4211.19	2022-01-01 01:45:50
2022-01-01 00:30:00.000	PT15M	10YHU-MAVIR----U	BZN	HU BZN	HU	4154.98	2022-01-01 02:00:56
2022-01-01 00:45:00.000	PT15M	10YHU-MAVIR----U	BZN	HU BZN	HU	4086.52	2022-01-01 02:15:59
2022-01-01 01:00:00.000	PT15M	10YHU-MAVIR----U	BZN	HU BZN	HU	4003.57	2022-01-01 02:30:48
2022-01-01 02:30:00.000	PT30M	10YCY-1001A0003J	CTY	CY CTY	CY	353.3	2022-01-01 04:16:45
2022-01-01 03:00:00.000	PT30M	10YCY-1001A0003J	CTY	CY CTY	CY	350.13	2022-01-01 04:45:52
2022-01-01 03:30:00.000	PT30M	10YCY-1001A0003J	CTY	CY CTY	CY	347.98	2022-01-01 05:16:05
2022-01-01 00:00:00.000	PT30M	10YCY-1001A0003J	CTY	CY CTY	CY	422.27	2022-01-01 01:45:51
2022-01-01 00:30:00.000	PT30M	10YCY-1001A0003J	CTY	CY CTY	CY	399.78	2022-01-01 02:16:04
2022-01-01 01:00:00.000	PT30M	10YCY-1001A0003J	CTY	CY CTY	CY	381.04	2022-01-01 02:45:50
2022-01-01 01:30:00.000	PT30M	10YCY-1001A0003J	CTY	CY CTY	CY	368.98	2022-01-01 03:16:01
2022-01-01 02:00:00.000	PT30M	10YCY-1001A0003J	CTY	CY CTY	CY	357.9	2022-01-01 03:45:51
2022-01-01 00:00:00.000	PT60M	10YSK-SEPS-----K	CTA	SK CTA	SK	2650.0	2022-01-01 02:15:57
2022-01-01 01:00:00.000	PT60M	10YSK-SEPS-----K	CTA	SK CTA	SK	2629.0	2022-01-01 03:15:57
2022-01-01 02:00:00.000	PT60M	10YSK-SEPS-----K	CTA	SK CTA	SK	2560.0	2022-01-01 04:16:37
2022-01-01 03:00:00.000	PT60M	10YSK-SEPS-----K	CTA	SK CTA	SK	2544.0	2022-01-01 05:15:59
2022-01-01 00:00:00.000	PT15M	10YAL-KESH-----5	CTY	AL CTY	AL	181.0	2022-01-13 08:31:01
2022-01-01 00:15:00.000	PT15M	10YAL-KESH-----5	CTY	AL CTY	AL	181.0	2022-01-13 08:31:01
2022-01-01 00:30:00.000	PT15M	10YAL-KESH-----5	CTY	AL CTY	AL	181.0	2022-01-13 08:31:01
2022-01-01 00:45:00.000	PT15M	10YAL-KESH-----5	CTY	AL CTY	AL	181.0	2022-01-13 08:31:01
2022-01-01 01:00:00.000	PT15M	10YAL-KESH-----5	CTY	AL CTY	AL	154.0	2022-01-13 08:31:01
2022-01-01 01:15:00.000	PT15M	10YAL-KESH-----5	CTY	AL CTY	AL	154.0	2022-01-13 08:31:01
2022-01-01 01:30:00.000	PT15M	10YAL-KESH-----5	CTY	AL CTY	AL	154.0	2022-01-13 08:31:01
2022-01-01 01:45:00.000	PT15M	10YAL-KESH-----5	CTY	AL CTY	AL	154.0	2022-01-13 08:31:01
2022-01-01 02:00:00.000	PT15M	10YAL-KESH-----5	CTY	AL CTY	AL	139.0	2022-01-13 08:31:01
2022-01-01 02:15:00.000	PT15M	10YAL-KESH-----5	CTY	AL CTY	AL	139.0	2022-01-13 08:31:01
2022-01-01 02:30:00.000	PT15M	10YAL-KESH-----5	CTY	AL CTY	AL	139.0	2022-01-13 08:31:01
2022-01-01 02:45:00.000	PT15M	10YAL-KESH-----5	CTY	AL CTY	AL	139.0	2022-01-13 08:31:01
2022-01-01 03:00:00.000	PT15M	10YAL-KESH-----5	CTY	AL CTY	AL	132.0	2022-01-13 08:31:01
2022-01-01 03:15:00.000	PT15M	10YAL-KESH-----5	CTY	AL CTY	AL	132.0	2022-01-13 08:31:01
2022-01-01 03:30:00.000	PT15M	10YAL-KESH-----5	CTY	AL CTY	AL	132.0	2022-01-13 08:31:01
2022-01-01 03:45:00.000	PT15M	10YAL-KESH-----5	CTY	AL CTY	AL	132.0	2022-01-13 08:31:01
2022-01-01 02:30:00.000	PT30M	10YIE-1001A00010	CTY	IE CTY	IE	2742.05	2022-01-01 05:01:01
2022-01-01 03:00:00.000	PT30M	10YIE-1001A00010	CTY	IE CTY	IE	2675.83	2022-01-01 06:15:44
2022-01-01 03:30:00.000	PT30M	10YIE-1001A00010	CTY	IE CTY	IE	2611.26	2022-01-01 06:15:44
2022-01-01 00:00:00.000	PT30M	10YIE-1001A00010	CTY	IE CTY	IE	3130.07	2022-01-01 03:15:48
2022-01-01 00:30:00.000	PT30M	10YIE-1001A00010	CTY	IE CTY	IE	3088.97	2022-01-01 03:15:48
2022-01-01 01:00:00.000	PT30M	10YIE-1001A00010	CTY	IE CTY	IE	2988.69	2022-01-01 04:15:50
2022-01-01 01:30:00.000	PT30M	10YIE-1001A00010	CTY	IE CTY	IE	2914.15	2022-01-01 04:15:50
2022-01-01 02:00:00.000	PT30M	10YIE-1001A00010	CTY	IE CTY	IE	2819.27	2022-01-01 05:01:01
2022-01-01 00:00:00.000	PT60M	10Y1001C--000182	CTA	UA-IPS CTA	UA_IPS	15955.0	2022-02-23 19:46:18
2022-01-01 01:00:00.000	PT60M	10Y1001C--000182	CTA	UA-IPS CTA	UA_IPS	15590.0	2022-02-23 19:46:18
2022-01-01 02:00:00.000	PT60M	10Y1001C--000182	CTA	UA-IPS CTA	UA_IPS	15324.0	2022-02-23 19:46:18
2022-01-01 03:00:00.000	PT60M	10Y1001C--000182	CTA	UA-IPS CTA	UA_IPS	15427.0	2022-02-23 19:46:18
2022-01-01 00:00:00.000	PT60M	10YFR-RTE------C	BZN	FR BZN	FR	51654.0	2022-01-01 02:45:45
2022-01-01 01:00:00.000	PT60M	10YFR-RTE------C	BZN	FR BZN	FR	50160.0	2022-01-01 03:45:48
2022-01-01 02:00:00.000	PT60M	10YFR-RTE------C	BZN	FR BZN	FR	47250.0	2022-01-01 04:45:50
2022-01-01 03:00:00.000	PT60M	10YFR-RTE------C	BZN	FR BZN	FR	45424.0	2022-01-01 05:45:48
2022-01-01 00:00:00.000	PT60M	10Y1001C--00100H	CTA	XK CTA	XK	1109.71	2022-01-01 04:16:54
2022-01-01 01:00:00.000	PT60M	10Y1001C--00100H	CTA	XK CTA	XK	1057.87	2022-01-01 04:16:54
2022-01-01 02:00:00.000	PT60M	10Y1001C--00100H	CTA	XK CTA	XK	949.92	2022-01-01 06:30:48
2022-01-01 03:00:00.000	PT60M	10Y1001C--00100H	CTA	XK CTA	XK	862.58	2022-01-01 06:30:48
2022-01-01 00:00:00.000	PT60M	10YSE-1--------K	CTA	SE CTA	SE	15331.0	2022-01-01 03:00:54
2022-01-01 01:00:00.000	PT60M	10YSE-1--------K	CTA	SE CTA	SE	15331.0	2022-01-01 04:00:50
2022-01-01 02:00:00.000	PT60M	10YSE-1--------K	CTA	SE CTA	SE	15270.0	2022-01-01 05:00:58
2022-01-01 03:00:00.000	PT60M	10YSE-1--------K	CTA	SE CTA	SE	15150.0	2022-01-01 06:00:57
2022-01-01 01:15:00.000	PT15M	10YAL-KESH-----5	CTA	AL CTA	AL	154.0	2022-01-13 08:31:01
2022-01-01 01:30:00.000	PT15M	10YAL-KESH-----5	CTA	AL CTA	AL	154.0	2022-01-13 08:31:01
2022-01-01 01:45:00.000	PT15M	10YAL-KESH-----5	CTA	AL CTA	AL	154.0	2022-01-13 08:31:01
2022-01-01 02:00:00.000	PT15M	10YAL-KESH-----5	CTA	AL CTA	AL	139.0	2022-01-13 08:31:01
2022-01-01 02:15:00.000	PT15M	10YAL-KESH-----5	CTA	AL CTA	AL	139.0	2022-01-13 08:31:01
2022-01-01 02:30:00.000	PT15M	10YAL-KESH-----5	CTA	AL CTA	AL	139.0	2022-01-13 08:31:01
2022-01-01 02:45:00.000	PT15M	10YAL-KESH-----5	CTA	AL CTA	AL	139.0	2022-01-13 08:31:01
2022-01-01 03:00:00.000	PT15M	10YAL-KESH-----5	CTA	AL CTA	AL	132.0	2022-01-13 08:31:01
2022-01-01 03:15:00.000	PT15M	10YAL-KESH-----5	CTA	AL CTA	AL	132.0	2022-01-13 08:31:01
2022-01-01 03:30:00.000	PT15M	10YAL-KESH-----5	CTA	AL CTA	AL	132.0	2022-01-13 08:31:01
2022-01-01 03:45:00.000	PT15M	10YAL-KESH-----5	CTA	AL CTA	AL	132.0	2022-01-13 08:31:01
2022-01-01 00:00:00.000	PT15M	10YAL-KESH-----5	CTA	AL CTA	AL	181.0	2022-01-13 08:31:01
2022-01-01 00:15:00.000	PT15M	10YAL-KESH-----5	CTA	AL CTA	AL	181.0	2022-01-13 08:31:01
2022-01-01 00:30:00.000	PT15M	10YAL-KESH-----5	CTA	AL CTA	AL	181.0	2022-01-13 08:31:01
2022-01-01 00:45:00.000	PT15M	10YAL-KESH-----5	CTA	AL CTA	AL	181.0	2022-01-13 08:31:01
2022-01-01 01:00:00.000	PT15M	10YAL-KESH-----5	CTA	AL CTA	AL	154.0	2022-01-13 08:31:01
2022-01-01 00:00:00.000	PT60M	10YGR-HTSO-----Y	BZN	GR BZN	GR	4462.0	2022-01-01 03:00:51
2022-01-01 01:00:00.000	PT60M	10YGR-HTSO-----Y	BZN	GR BZN	GR	4202.0	2022-01-01 04:00:49
2022-01-01 02:00:00.000	PT60M	10YGR-HTSO-----Y	BZN	GR BZN	GR	4034.0	2022-01-01 05:00:56
2022-01-01 03:00:00.000	PT60M	10YGR-HTSO-----Y	BZN	GR BZN	GR	3991.0	2022-01-01 06:00:55
2022-01-01 00:00:00.000	PT15M	10Y1001A1001A82H	BZN	DE-LU BZN	DE_LU	40202.11	2022-01-10 09:01:19
2022-01-01 00:15:00.000	PT15M	10Y1001A1001A82H	BZN	DE-LU BZN	DE_LU	39191.36	2022-01-10 09:01:19
2022-01-01 00:30:00.000	PT15M	10Y1001A1001A82H	BZN	DE-LU BZN	DE_LU	38604.21	2022-01-10 09:01:19
2022-01-01 00:45:00.000	PT15M	10Y1001A1001A82H	BZN	DE-LU BZN	DE_LU	38084.67	2022-01-10 09:01:19
2022-01-01 01:00:00.000	PT15M	10Y1001A1001A82H	BZN	DE-LU BZN	DE_LU	38026.54	2022-01-10 09:01:19
2022-01-01 01:15:00.000	PT15M	10Y1001A1001A82H	BZN	DE-LU BZN	DE_LU	37917.51	2022-01-10 09:01:19
2022-01-01 01:30:00.000	PT15M	10Y1001A1001A82H	BZN	DE-LU BZN	DE_LU	37530.27	2022-01-10 09:01:19
2022-01-01 01:45:00.000	PT15M	10Y1001A1001A82H	BZN	DE-LU BZN	DE_LU	37144.63	2022-01-10 09:01:19
2022-01-01 02:00:00.000	PT15M	10Y1001A1001A82H	BZN	DE-LU BZN	DE_LU	37135.67	2022-01-10 09:01:19
2022-01-01 02:15:00.000	PT15M	10Y1001A1001A82H	BZN	DE-LU BZN	DE_LU	36856.08	2022-01-10 09:01:19
2022-01-01 02:30:00.000	PT15M	10Y1001A1001A82H	BZN	DE-LU BZN	DE_LU	36991.94	2022-01-10 09:01:19
2022-01-01 02:45:00.000	PT15M	10Y1001A1001A82H	BZN	DE-LU BZN	DE_LU	36640.84	2022-01-10 09:01:19
2022-01-01 03:00:00.000	PT15M	10Y1001A1001A82H	BZN	DE-LU BZN	DE_LU	36624.14	2022-01-10 09:01:19
2022-01-01 03:15:00.000	PT15M	10Y1001A1001A82H	BZN	DE-LU BZN	DE_LU	36359.18	2022-01-10 09:01:19
2022-01-01 03:30:00.000	PT15M	10Y1001A1001A82H	BZN	DE-LU BZN	DE_LU	36766.03	2022-01-10 09:01:19
2022-01-01 03:45:00.000	PT15M	10Y1001A1001A82H	BZN	DE-LU BZN	DE_LU	36422.09	2022-01-10 09:01:19
2022-01-01 01:15:00.000	PT15M	10YDE-EON------1	CTA	DE(TenneT DE) CTA	DE_TenneT_GER	11535.37	2022-01-01 03:15:50
2022-01-01 01:30:00.000	PT15M	10YDE-EON------1	CTA	DE(TenneT DE) CTA	DE_TenneT_GER	11436.62	2022-01-01 03:30:46
2022-01-01 01:45:00.000	PT15M	10YDE-EON------1	CTA	DE(TenneT DE) CTA	DE_TenneT_GER	10838.58	2022-01-01 03:45:47
2022-01-01 02:00:00.000	PT15M	10YDE-EON------1	CTA	DE(TenneT DE) CTA	DE_TenneT_GER	10904.31	2022-01-01 04:00:51
2022-01-01 02:15:00.000	PT15M	10YDE-EON------1	CTA	DE(TenneT DE) CTA	DE_TenneT_GER	10893.27	2022-01-01 04:16:29
2022-01-01 02:30:00.000	PT15M	10YDE-EON------1	CTA	DE(TenneT DE) CTA	DE_TenneT_GER	10815.23	2022-01-01 04:30:50
2022-01-01 02:45:00.000	PT15M	10YDE-EON------1	CTA	DE(TenneT DE) CTA	DE_TenneT_GER	10865.08	2022-01-01 04:45:47
2022-01-01 03:00:00.000	PT15M	10YDE-EON------1	CTA	DE(TenneT DE) CTA	DE_TenneT_GER	10999.27	2022-01-01 05:00:55
2022-01-01 03:15:00.000	PT15M	10YDE-EON------1	CTA	DE(TenneT DE) CTA	DE_TenneT_GER	11002.98	2022-01-01 05:15:53
2022-01-01 03:30:00.000	PT15M	10YDE-EON------1	CTA	DE(TenneT DE) CTA	DE_TenneT_GER	10837.37	2022-01-01 05:30:47
2022-01-01 03:45:00.000	PT15M	10YDE-EON------1	CTA	DE(TenneT DE) CTA	DE_TenneT_GER	10793.74	2022-01-01 05:45:45
2022-01-01 00:00:00.000	PT15M	10YDE-EON------1	CTA	DE(TenneT DE) CTA	DE_TenneT_GER	12707.96	2022-01-01 02:00:51
2022-01-01 00:15:00.000	PT15M	10YDE-EON------1	CTA	DE(TenneT DE) CTA	DE_TenneT_GER	12245.0	2022-01-01 02:15:52
2022-01-01 00:30:00.000	PT15M	10YDE-EON------1	CTA	DE(TenneT DE) CTA	DE_TenneT_GER	12023.83	2022-01-01 02:30:45
2022-01-01 00:45:00.000	PT15M	10YDE-EON------1	CTA	DE(TenneT DE) CTA	DE_TenneT_GER	11667.77	2022-01-01 02:45:46
2022-01-01 01:00:00.000	PT15M	10YDE-EON------1	CTA	DE(TenneT DE) CTA	DE_TenneT_GER	11794.26	2022-01-01 03:00:55
2022-01-01 00:00:00.000	PT60M	10YPT-REN------W	CTA	PT CTA	PT	4565.7	2022-03-05 14:18:06
2022-01-01 01:00:00.000	PT60M	10YPT-REN------W	CTA	PT CTA	PT	4391.6	2022-03-05 14:18:06
2022-01-01 02:00:00.000	PT60M	10YPT-REN------W	CTA	PT CTA	PT	4097.5	2022-03-05 14:18:06
2022-01-01 03:00:00.000	PT60M	10YPT-REN------W	CTA	PT CTA	PT	3863.2	2022-03-05 14:18:06
2022-01-01 01:15:00.000	PT15M	10YRO-TEL------P	CTY	RO CTY	RO	5470.0	2022-01-01 02:45:50
2022-01-01 01:30:00.000	PT15M	10YRO-TEL------P	CTY	RO CTY	RO	5426.0	2022-01-01 03:00:57
2022-01-01 01:45:00.000	PT15M	10YRO-TEL------P	CTY	RO CTY	RO	5378.0	2022-01-01 03:16:00
2022-01-01 02:00:00.000	PT15M	10YRO-TEL------P	CTY	RO CTY	RO	5349.0	2022-01-01 03:30:50
2022-01-01 02:15:00.000	PT15M	10YRO-TEL------P	CTY	RO CTY	RO	5323.0	2022-01-01 03:45:51
2022-01-01 02:30:00.000	PT15M	10YRO-TEL------P	CTY	RO CTY	RO	5308.0	2022-01-01 04:00:52
2022-01-01 02:45:00.000	PT15M	10YRO-TEL------P	CTY	RO CTY	RO	5290.0	2022-01-01 04:16:43
2022-01-01 03:00:00.000	PT15M	10YRO-TEL------P	CTY	RO CTY	RO	5274.0	2022-01-01 04:30:51
2022-01-01 03:15:00.000	PT15M	10YRO-TEL------P	CTY	RO CTY	RO	5270.0	2022-01-01 04:45:52
2022-01-01 03:30:00.000	PT15M	10YRO-TEL------P	CTY	RO CTY	RO	5257.0	2022-01-01 05:00:59
2022-01-01 03:45:00.000	PT15M	10YRO-TEL------P	CTY	RO CTY	RO	5241.0	2022-01-01 05:16:04
2022-01-01 00:00:00.000	PT15M	10YRO-TEL------P	CTY	RO CTY	RO	5704.0	2022-01-01 01:30:51
2022-01-01 00:15:00.000	PT15M	10YRO-TEL------P	CTY	RO CTY	RO	5641.0	2022-01-01 01:45:51
2022-01-01 00:30:00.000	PT15M	10YRO-TEL------P	CTY	RO CTY	RO	5594.0	2022-01-01 02:00:55
2022-01-01 00:45:00.000	PT15M	10YRO-TEL------P	CTY	RO CTY	RO	5549.0	2022-01-01 02:16:00
2022-01-01 01:00:00.000	PT15M	10YRO-TEL------P	CTY	RO CTY	RO	5502.0	2022-01-01 02:30:48
2022-01-01 00:00:00.000	PT60M	10YCZ-CEPS-----N	BZN	CZ BZN	CZ	5260.86	2022-01-01 02:15:54
2022-01-01 01:00:00.000	PT60M	10YCZ-CEPS-----N	BZN	CZ BZN	CZ	5187.02	2022-01-01 03:15:54
2022-01-01 02:00:00.000	PT60M	10YCZ-CEPS-----N	BZN	CZ BZN	CZ	5034.19	2022-01-01 04:16:31
2022-01-01 03:00:00.000	PT60M	10YCZ-CEPS-----N	BZN	CZ BZN	CZ	4991.29	2022-01-01 05:15:57
2022-01-01 00:00:00.000	PT60M	10YNO-0--------C	CTY	NO CTY	NO	17017.33	2022-01-02 03:00:55
2022-01-01 01:00:00.000	PT60M	10YNO-0--------C	CTY	NO CTY	NO	16879.0	2022-01-02 03:00:55
2022-01-01 02:00:00.000	PT60M	10YNO-0--------C	CTY	NO CTY	NO	16742.39	2022-01-02 03:00:55
2022-01-01 03:00:00.000	PT60M	10YNO-0--------C	CTY	NO CTY	NO	16763.21	2022-01-02 03:00:55
2022-01-01 00:00:00.000	PT60M	10YLT-1001A0008Q	CTY	LT CTY	LT	1174.91	2022-01-01 02:15:58
2022-01-01 01:00:00.000	PT60M	10YLT-1001A0008Q	CTY	LT CTY	LT	1142.76	2022-01-01 03:15:58
2022-01-01 02:00:00.000	PT60M	10YLT-1001A0008Q	CTY	LT CTY	LT	1114.69	2022-01-01 04:16:38
2022-01-01 03:00:00.000	PT60M	10YLT-1001A0008Q	CTY	LT CTY	LT	1112.2	2022-01-01 05:15:59
2022-01-01 00:00:00.000	PT60M	10YCH-SWISSGRIDZ	CTA	CH CTA	CH	7363.64	2022-01-01 02:15:48
2022-01-01 01:00:00.000	PT60M	10YCH-SWISSGRIDZ	CTA	CH CTA	CH	6904.7	2022-01-01 03:15:48
2022-01-01 02:00:00.000	PT60M	10YCH-SWISSGRIDZ	CTA	CH CTA	CH	7207.1	2022-01-01 04:15:49
2022-01-01 03:00:00.000	PT60M	10YCH-SWISSGRIDZ	CTA	CH CTA	CH	7120.73	2022-01-01 05:01:00
2022-01-01 02:30:00.000	PT30M	10YCY-1001A0003J	CTA	CY CTA	CY	353.3	2022-01-01 04:16:44
2022-01-01 03:00:00.000	PT30M	10YCY-1001A0003J	CTA	CY CTA	CY	350.13	2022-01-01 04:45:52
2022-01-01 03:30:00.000	PT30M	10YCY-1001A0003J	CTA	CY CTA	CY	347.98	2022-01-01 05:16:04
2022-01-01 00:00:00.000	PT30M	10YCY-1001A0003J	CTA	CY CTA	CY	422.27	2022-01-01 01:45:51
2022-01-01 00:30:00.000	PT30M	10YCY-1001A0003J	CTA	CY CTA	CY	399.78	2022-01-01 02:16:03
2022-01-01 01:00:00.000	PT30M	10YCY-1001A0003J	CTA	CY CTA	CY	381.04	2022-01-01 02:45:50
2022-01-01 01:30:00.000	PT30M	10YCY-1001A0003J	CTA	CY CTA	CY	368.98	2022-01-01 03:16:01
2022-01-01 02:00:00.000	PT30M	10YCY-1001A0003J	CTA	CY CTA	CY	357.9	2022-01-01 03:45:51
2022-01-01 00:00:00.000	PT60M	10YFI-1--------U	CTY	FI CTY	FI	9772.8	2022-01-01 02:15:45
2022-01-01 01:00:00.000	PT60M	10YFI-1--------U	CTY	FI CTY	FI	9647.7	2022-01-01 03:15:46
2022-01-01 02:00:00.000	PT60M	10YFI-1--------U	CTY	FI CTY	FI	9585.1	2022-01-01 04:15:48
2022-01-01 03:00:00.000	PT60M	10YFI-1--------U	CTY	FI CTY	FI	9680.2	2022-01-01 05:15:49
2022-01-01 00:00:00.000	PT60M	10YNO-0--------C	CTA	NO CTA	NO	17017.33	2022-01-02 03:00:55
2022-01-01 01:00:00.000	PT60M	10YNO-0--------C	CTA	NO CTA	NO	16879.0	2022-01-02 03:00:55
2022-01-01 02:00:00.000	PT60M	10YNO-0--------C	CTA	NO CTA	NO	16742.39	2022-01-02 03:00:55
2022-01-01 03:00:00.000	PT60M	10YNO-0--------C	CTA	NO CTA	NO	16763.21	2022-01-02 03:00:55
2022-01-01 00:00:00.000	PT60M	10Y1001A1001A990	CTY	MD CTY	MD	526.0	2022-01-01 02:15:46
2022-01-01 01:00:00.000	PT60M	10Y1001A1001A990	CTY	MD CTY	MD	500.0	2022-01-01 03:15:49
2022-01-01 02:00:00.000	PT60M	10Y1001A1001A990	CTY	MD CTY	MD	480.0	2022-01-01 04:15:51
2022-01-01 03:00:00.000	PT60M	10Y1001A1001A990	CTY	MD CTY	MD	478.0	2022-01-01 05:15:51
2022-01-01 00:00:00.000	PT60M	10YPT-REN------W	BZN	PT BZN	PT	4565.7	2022-03-05 14:18:45
2022-01-01 01:00:00.000	PT60M	10YPT-REN------W	BZN	PT BZN	PT	4391.6	2022-03-05 14:18:45
2022-01-01 02:00:00.000	PT60M	10YPT-REN------W	BZN	PT BZN	PT	4097.5	2022-03-05 14:18:45
2022-01-01 03:00:00.000	PT60M	10YPT-REN------W	BZN	PT BZN	PT	3863.2	2022-03-05 14:18:45
2022-01-01 00:00:00.000	PT60M	10Y1001A1001A990	BZN	MD BZN	MD	526.0	2022-01-01 02:15:46
2022-01-01 01:00:00.000	PT60M	10Y1001A1001A990	BZN	MD BZN	MD	500.0	2022-01-01 03:15:49
2022-01-01 02:00:00.000	PT60M	10Y1001A1001A990	BZN	MD BZN	MD	480.0	2022-01-01 04:15:51
2022-01-01 03:00:00.000	PT60M	10Y1001A1001A990	BZN	MD BZN	MD	478.0	2022-01-01 05:15:50
2022-01-01 00:00:00.000	PT60M	10YLV-1001A00074	BZN	LV BZN	LV	667.0	2022-01-01 02:15:49
2022-01-01 01:00:00.000	PT60M	10YLV-1001A00074	BZN	LV BZN	LV	650.0	2022-01-01 03:15:47
2022-01-01 02:00:00.000	PT60M	10YLV-1001A00074	BZN	LV BZN	LV	633.0	2022-01-01 04:15:49
2022-01-01 03:00:00.000	PT60M	10YLV-1001A00074	BZN	LV BZN	LV	633.0	2022-01-01 05:15:50
2022-01-01 02:00:00.000	PT60M	10Y1001A1001A44P	BZN	SE1 BZN	SE1	1222.0	2022-01-01 05:00:57
2022-01-01 03:30:00.000	PT15M	10YHU-MAVIR----U	CTY	HU CTY	HU	3647.42	2022-01-01 05:00:59
2022-01-01 03:45:00.000	PT15M	10YHU-MAVIR----U	CTY	HU CTY	HU	3662.17	2022-01-01 05:16:01
2022-01-01 03:00:00.000	PT60M	10Y1001A1001A44P	BZN	SE1 BZN	SE1	1192.0	2022-01-01 06:00:56
2022-01-01 01:15:00.000	PT15M	10YHU-MAVIR----U	CTY	HU CTY	HU	3950.4	2022-01-01 02:45:49
2022-01-01 00:00:00.000	PT60M	10Y1001A1001A44P	BZN	SE1 BZN	SE1	1286.0	2022-01-01 03:00:54
2022-01-01 01:30:00.000	PT15M	10YHU-MAVIR----U	CTY	HU CTY	HU	3882.07	2022-01-01 03:00:56
2022-01-01 01:45:00.000	PT15M	10YHU-MAVIR----U	CTY	HU CTY	HU	3824.12	2022-01-01 03:15:59
2022-01-01 02:00:00.000	PT15M	10YHU-MAVIR----U	CTY	HU CTY	HU	3769.6	2022-01-01 03:30:50
2022-01-01 02:15:00.000	PT15M	10YHU-MAVIR----U	CTY	HU CTY	HU	3732.59	2022-01-01 03:45:50
2022-01-01 01:00:00.000	PT60M	10Y1001A1001A44P	BZN	SE1 BZN	SE1	1267.0	2022-01-01 04:00:50
2022-01-01 02:30:00.000	PT15M	10YHU-MAVIR----U	CTY	HU CTY	HU	3707.15	2022-01-01 04:00:52
2022-01-01 02:45:00.000	PT15M	10YHU-MAVIR----U	CTY	HU CTY	HU	3677.45	2022-01-01 04:16:43
2022-01-01 03:00:00.000	PT15M	10YHU-MAVIR----U	CTY	HU CTY	HU	3664.4	2022-01-01 04:30:52
2022-01-01 03:15:00.000	PT15M	10YHU-MAVIR----U	CTY	HU CTY	HU	3655.62	2022-01-01 04:45:52
2022-01-01 00:00:00.000	PT15M	10YHU-MAVIR----U	CTY	HU CTY	HU	4254.23	2022-01-01 01:30:52
2022-01-01 00:15:00.000	PT15M	10YHU-MAVIR----U	CTY	HU CTY	HU	4211.19	2022-01-01 01:45:50
2022-01-01 00:30:00.000	PT15M	10YHU-MAVIR----U	CTY	HU CTY	HU	4154.98	2022-01-01 02:00:56
2022-01-01 00:45:00.000	PT15M	10YHU-MAVIR----U	CTY	HU CTY	HU	4086.52	2022-01-01 02:16:00
2022-01-01 01:00:00.000	PT15M	10YHU-MAVIR----U	CTY	HU CTY	HU	4003.57	2022-01-01 02:30:49
2022-01-01 00:00:00.000	PT60M	10Y1001A1001A74G	BZN	IT-Sardinia BZN	IT-Sardinia	810.0	2022-01-02 07:15:49
2022-01-01 01:00:00.000	PT60M	10Y1001A1001A74G	BZN	IT-Sardinia BZN	IT-Sardinia	770.0	2022-01-02 07:15:49
2022-01-01 02:00:00.000	PT60M	10Y1001A1001A74G	BZN	IT-Sardinia BZN	IT-Sardinia	740.0	2022-01-02 07:15:49
2022-01-01 03:00:00.000	PT60M	10Y1001A1001A74G	BZN	IT-Sardinia BZN	IT-Sardinia	723.0	2022-02-10 07:16:11
2022-01-01 00:00:00.000	PT60M	10YUA-WEPS-----0	CTA	UA-BEI CTA	UA_BEI	727.0	2022-02-23 19:46:22
2022-01-01 01:00:00.000	PT60M	10YUA-WEPS-----0	CTA	UA-BEI CTA	UA_BEI	704.0	2022-02-23 19:46:22
2022-01-01 02:00:00.000	PT60M	10YUA-WEPS-----0	CTA	UA-BEI CTA	UA_BEI	691.0	2022-02-23 19:46:22
2022-01-01 03:00:00.000	PT60M	10YUA-WEPS-----0	CTA	UA-BEI CTA	UA_BEI	693.0	2022-02-23 19:46:22
2022-01-01 00:00:00.000	PT60M	10YDK-2--------M	BZN	DK2 BZN	DK2	1339.8	2022-01-01 03:00:50
2022-01-01 01:00:00.000	PT60M	10YDK-2--------M	BZN	DK2 BZN	DK2	1283.86	2022-01-01 04:00:47
2022-01-01 02:00:00.000	PT60M	10YDK-2--------M	BZN	DK2 BZN	DK2	1243.84	2022-01-01 05:00:53
2022-01-01 03:00:00.000	PT60M	10YDK-2--------M	BZN	DK2 BZN	DK2	1229.96	2022-01-01 06:00:51
2022-01-01 00:00:00.000	PT60M	10YLT-1001A0008Q	BZN	LT BZN	LT	1174.91	2022-01-01 02:15:57
2022-01-01 01:00:00.000	PT60M	10YLT-1001A0008Q	BZN	LT BZN	LT	1142.76	2022-01-01 03:15:58
2022-01-01 02:00:00.000	PT60M	10YLT-1001A0008Q	BZN	LT BZN	LT	1114.69	2022-01-01 04:16:38
2022-01-01 03:00:00.000	PT60M	10YLT-1001A0008Q	BZN	LT BZN	LT	1112.2	2022-01-01 05:15:59
2022-01-01 00:00:00.000	PT60M	10YES-REE------0	CTY	ES CTY	ES	20827.0	2022-01-01 02:30:46
2022-01-01 01:00:00.000	PT60M	10YES-REE------0	CTY	ES CTY	ES	19530.0	2022-01-01 03:30:48
2022-01-01 02:00:00.000	PT60M	10YES-REE------0	CTY	ES CTY	ES	18383.0	2022-01-01 04:30:49
2022-01-01 03:00:00.000	PT60M	10YES-REE------0	CTY	ES CTY	ES	17680.0	2022-01-01 05:30:48
2022-01-01 00:00:00.000	PT60M	10YIT-GRTN-----B	CTY	IT CTY	IT	21121.0	2022-02-10 07:16:15
2022-01-01 01:00:00.000	PT60M	10YIT-GRTN-----B	CTY	IT CTY	IT	19756.0	2022-02-10 07:16:15
2022-01-01 02:00:00.000	PT60M	10YIT-GRTN-----B	CTY	IT CTY	IT	18685.0	2022-02-10 07:16:15
2022-01-01 03:00:00.000	PT60M	10YIT-GRTN-----B	CTY	IT CTY	IT	18124.0	2022-02-10 07:16:15
2022-01-01 00:00:00.000	PT60M	10YFI-1--------U	BZN	FI BZN	FI	9772.8	2022-01-01 02:15:46
2022-01-01 01:00:00.000	PT60M	10YFI-1--------U	BZN	FI BZN	FI	9647.7	2022-01-01 03:15:46
2022-01-01 02:00:00.000	PT60M	10YFI-1--------U	BZN	FI BZN	FI	9585.1	2022-01-01 04:15:48
2022-01-01 03:00:00.000	PT60M	10YFI-1--------U	BZN	FI BZN	FI	9680.2	2022-01-01 05:15:49
2022-01-01 00:00:00.000	PT60M	10Y1001A1001A39I	CTA	EE CTA	EE	874.3	2022-01-01 02:16:04
2022-01-01 01:00:00.000	PT60M	10Y1001A1001A39I	CTA	EE CTA	EE	860.1	2022-01-01 03:16:03
2022-01-01 02:00:00.000	PT60M	10Y1001A1001A39I	CTA	EE CTA	EE	842.7	2022-01-01 04:16:48
2022-01-01 03:00:00.000	PT60M	10Y1001A1001A39I	CTA	EE CTA	EE	844.7	2022-01-01 05:16:07
2022-01-01 02:00:00.000	PT60M	10YFR-RTE------C	CTY	FR CTY	FR	47250.0	2022-01-01 04:45:50
2022-01-01 03:00:00.000	PT60M	10YIT-GRTN-----B	CTA	IT CTA	IT	18124.0	2022-02-10 07:16:14
2022-01-01 03:00:00.000	PT60M	10YFR-RTE------C	CTY	FR CTY	FR	45424.0	2022-01-01 05:45:48
2022-01-01 00:00:00.000	PT60M	10YFR-RTE------C	CTY	FR CTY	FR	51654.0	2022-01-01 02:45:46
2022-01-01 00:00:00.000	PT60M	10YIT-GRTN-----B	CTA	IT CTA	IT	21121.0	2022-02-10 07:16:14
2022-01-01 01:00:00.000	PT60M	10YFR-RTE------C	CTY	FR CTY	FR	50160.0	2022-01-01 03:45:48
2022-01-01 01:00:00.000	PT60M	10YIT-GRTN-----B	CTA	IT CTA	IT	19756.0	2022-02-10 07:16:14
2022-01-01 02:00:00.000	PT60M	10YIT-GRTN-----B	CTA	IT CTA	IT	18685.0	2022-02-10 07:16:14
2022-01-01 00:00:00.000	PT60M	10Y1001A1001A39I	BZN	EE BZN	EE	874.3	2022-01-01 02:16:05
2022-01-01 01:00:00.000	PT60M	10Y1001A1001A39I	BZN	EE BZN	EE	860.1	2022-01-01 03:16:03
2022-01-01 02:00:00.000	PT60M	10Y1001A1001A39I	BZN	EE BZN	EE	842.7	2022-01-01 04:16:49
2022-01-01 03:00:00.000	PT60M	10Y1001A1001A39I	BZN	EE BZN	EE	844.7	2022-01-01 05:16:08
2022-01-01 00:00:00.000	PT60M	10YCS-CG-TSO---S	CTA	ME CTA	ME	294.47	2022-01-01 04:30:52
2022-01-01 01:00:00.000	PT60M	10YCS-CG-TSO---S	CTA	ME CTA	ME	259.6	2022-01-01 04:30:52
2022-01-01 02:00:00.000	PT60M	10YCS-CG-TSO---S	CTA	ME CTA	ME	228.07	2022-01-01 04:30:52
2022-01-01 03:00:00.000	PT60M	10YCS-CG-TSO---S	CTA	ME CTA	ME	217.98	2022-01-01 05:30:51
2022-01-01 00:00:00.000	PT60M	10YSI-ELES-----O	CTY	SI CTY	SI	1127.41	2022-01-01 03:00:52
2022-01-01 01:00:00.000	PT60M	10YSI-ELES-----O	CTY	SI CTY	SI	1082.8	2022-01-01 04:00:48
2022-01-01 02:00:00.000	PT60M	10YSI-ELES-----O	CTY	SI CTY	SI	1052.74	2022-01-01 05:00:54
2022-01-01 03:00:00.000	PT60M	10YSI-ELES-----O	CTY	SI CTY	SI	1047.34	2022-01-01 06:00:54
2022-01-01 00:00:00.000	PT60M	10YCH-SWISSGRIDZ	CTY	CH CTY	CH	7363.64	2022-01-01 02:15:50
2022-01-01 01:00:00.000	PT60M	10YCH-SWISSGRIDZ	CTY	CH CTY	CH	6904.7	2022-01-01 03:15:49
2022-01-01 02:00:00.000	PT60M	10YCH-SWISSGRIDZ	CTY	CH CTY	CH	7207.1	2022-01-01 04:15:50
2022-01-01 03:00:00.000	PT60M	10YCH-SWISSGRIDZ	CTY	CH CTY	CH	7120.73	2022-01-01 05:01:00
2022-01-01 00:00:00.000	PT60M	10Y1001A1001A47J	BZN	SE4 BZN	SE4	2214.0	2022-01-01 03:00:54
2022-01-01 01:00:00.000	PT60M	10Y1001A1001A47J	BZN	SE4 BZN	SE4	2170.0	2022-01-01 04:00:50
2022-01-01 02:00:00.000	PT60M	10Y1001A1001A47J	BZN	SE4 BZN	SE4	2214.0	2022-01-01 05:00:57
2022-01-01 03:00:00.000	PT60M	10Y1001A1001A47J	BZN	SE4 BZN	SE4	2267.0	2022-01-01 06:00:57
2022-01-01 00:00:00.000	PT60M	10Y1001A1001B012	BZN	GE BZN	GE	1626.51	2022-01-01 02:15:56
2022-01-01 01:00:00.000	PT60M	10Y1001A1001B012	BZN	GE BZN	GE	1611.43	2022-01-01 03:15:56
2022-01-01 02:00:00.000	PT60M	10Y1001A1001B012	BZN	GE BZN	GE	1597.56	2022-01-01 05:15:58
2022-01-01 03:00:00.000	PT60M	10Y1001A1001B012	BZN	GE BZN	GE	1622.94	2022-01-01 05:15:58
2022-01-01 00:00:00.000	PT60M	10YSK-SEPS-----K	BZN	SK BZN	SK	2650.0	2022-01-01 02:15:57
2022-01-01 01:00:00.000	PT60M	10YSK-SEPS-----K	BZN	SK BZN	SK	2629.0	2022-01-01 03:15:57
2022-01-01 02:00:00.000	PT60M	10YSK-SEPS-----K	BZN	SK BZN	SK	2560.0	2022-01-01 04:16:37
2022-01-01 03:00:00.000	PT60M	10YSK-SEPS-----K	BZN	SK BZN	SK	2544.0	2022-01-01 05:15:59
2022-01-01 00:00:00.000	PT60M	10YCS-SERBIATSOV	CTY	RS CTY	RS	4174.0	2022-01-02 08:01:03
2022-01-01 01:00:00.000	PT60M	10YCS-SERBIATSOV	CTY	RS CTY	RS	3988.0	2022-01-02 08:01:03
2022-01-01 02:00:00.000	PT60M	10YCS-SERBIATSOV	CTY	RS CTY	RS	3724.0	2022-01-02 08:01:03
2022-01-01 03:00:00.000	PT60M	10YCS-SERBIATSOV	CTY	RS CTY	RS	3538.0	2022-01-02 08:01:03
2022-01-01 01:15:00.000	PT15M	10YNL----------L	BZN	NL BZN	NL	9955.75	2022-01-29 03:01:10
2022-01-01 01:30:00.000	PT15M	10YNL----------L	BZN	NL BZN	NL	9861.22	2022-01-29 03:16:20
2022-01-01 01:45:00.000	PT15M	10YNL----------L	BZN	NL BZN	NL	9777.73	2022-01-29 03:31:07
2022-01-01 02:00:00.000	PT15M	10YNL----------L	BZN	NL BZN	NL	9869.52	2022-01-29 03:46:02
2022-01-01 02:15:00.000	PT15M	10YNL----------L	BZN	NL BZN	NL	9842.51	2022-01-29 04:01:07
2022-01-01 02:30:00.000	PT15M	10YNL----------L	BZN	NL BZN	NL	9758.2	2022-01-29 04:16:08
2022-01-01 02:45:00.000	PT15M	10YNL----------L	BZN	NL BZN	NL	9658.99	2022-01-29 04:31:05
2022-01-01 03:00:00.000	PT15M	10YNL----------L	BZN	NL BZN	NL	9663.0	2022-01-29 04:46:05
2022-01-01 03:15:00.000	PT15M	10YNL----------L	BZN	NL BZN	NL	9622.75	2022-01-29 05:01:09
2022-01-01 03:30:00.000	PT15M	10YNL----------L	BZN	NL BZN	NL	9566.56	2022-01-29 05:16:09
2022-01-01 03:45:00.000	PT15M	10YNL----------L	BZN	NL BZN	NL	9505.79	2022-01-29 05:31:07
2022-01-01 00:00:00.000	PT15M	10YNL----------L	BZN	NL BZN	NL	10326.48	2022-01-29 01:46:04
2022-01-01 00:15:00.000	PT15M	10YNL----------L	BZN	NL BZN	NL	10331.75	2022-01-29 02:01:09
2022-01-01 00:30:00.000	PT15M	10YNL----------L	BZN	NL BZN	NL	10223.21	2022-01-29 02:16:23
2022-01-01 00:45:00.000	PT15M	10YNL----------L	BZN	NL BZN	NL	10118.23	2022-01-29 02:31:09
2022-01-01 01:00:00.000	PT15M	10YNL----------L	BZN	NL BZN	NL	10033.44	2022-01-29 02:46:04
2022-01-01 00:00:00.000	PT60M	10YAT-APG------L	BZN	AT BZN	AT	5593.7	2022-01-01 02:45:46
2022-01-01 01:00:00.000	PT60M	10YAT-APG------L	BZN	AT BZN	AT	5454.2	2022-01-01 03:45:49
2022-01-01 02:00:00.000	PT60M	10YAT-APG------L	BZN	AT BZN	AT	5240.2	2022-01-01 04:45:49
2022-01-01 03:00:00.000	PT60M	10YAT-APG------L	BZN	AT BZN	AT	5186.6	2022-01-01 05:45:47
2022-01-01 00:00:00.000	PT60M	10YPL-AREA-----S	CTA	PL CTA	PL	14438.25	2022-01-01 08:30:54
2022-01-01 01:00:00.000	PT60M	10YPL-AREA-----S	CTA	PL CTA	PL	13934.85	2022-01-01 08:30:54
2022-01-01 02:00:00.000	PT60M	10YPL-AREA-----S	CTA	PL CTA	PL	13579.01	2022-01-01 08:30:54
2022-01-01 03:00:00.000	PT60M	10YPL-AREA-----S	CTA	PL CTA	PL	13396.76	2022-01-01 08:30:54
2022-01-01 03:00:00.000	PT60M	10YFI-1--------U	CTA	FI CTA	FI	9680.2	2022-01-01 05:15:49
2022-01-01 03:15:00.000	PT15M	10YBE----------2	CTA	BE CTA	BE	6956.04	2022-03-05 09:16:12
2022-01-01 03:30:00.000	PT15M	10YBE----------2	CTA	BE CTA	BE	6974.37	2022-03-05 09:16:12
2022-01-01 03:45:00.000	PT15M	10YBE----------2	CTA	BE CTA	BE	6965.81	2022-03-05 09:16:12
2022-01-01 01:00:00.000	PT15M	10YBE----------2	CTA	BE CTA	BE	7300.43	2022-03-05 09:16:12
2022-01-01 01:00:00.000	PT60M	10YFI-1--------U	CTA	FI CTA	FI	9647.7	2022-01-01 03:15:45
2022-01-01 01:15:00.000	PT15M	10YBE----------2	CTA	BE CTA	BE	7199.26	2022-03-05 09:16:12
2022-01-01 01:30:00.000	PT15M	10YBE----------2	CTA	BE CTA	BE	7162.67	2022-03-05 09:16:12
2022-01-01 01:45:00.000	PT15M	10YBE----------2	CTA	BE CTA	BE	7083.56	2022-03-05 09:16:12
2022-01-01 02:00:00.000	PT15M	10YBE----------2	CTA	BE CTA	BE	7016.43	2022-03-05 09:16:12
2022-01-01 02:00:00.000	PT60M	10YFI-1--------U	CTA	FI CTA	FI	9585.1	2022-01-01 04:15:48
2022-01-01 02:15:00.000	PT15M	10YBE----------2	CTA	BE CTA	BE	7026.58	2022-03-05 09:16:12
2022-01-01 02:30:00.000	PT15M	10YBE----------2	CTA	BE CTA	BE	7013.78	2022-03-05 09:16:12
2022-01-01 02:45:00.000	PT15M	10YBE----------2	CTA	BE CTA	BE	6975.85	2022-03-05 09:16:12
2022-01-01 03:00:00.000	PT15M	10YBE----------2	CTA	BE CTA	BE	6957.55	2022-03-05 09:16:12
2022-01-01 00:00:00.000	PT15M	10YBE----------2	CTA	BE CTA	BE	7842.55	2022-03-05 09:16:12
2022-01-01 00:00:00.000	PT60M	10YFI-1--------U	CTA	FI CTA	FI	9772.8	2022-01-01 02:15:45
2022-01-01 00:15:00.000	PT15M	10YBE----------2	CTA	BE CTA	BE	7711.5	2022-03-05 09:16:12
2022-01-01 00:30:00.000	PT15M	10YBE----------2	CTA	BE CTA	BE	7627.31	2022-03-05 09:16:12
2022-01-01 00:45:00.000	PT15M	10YBE----------2	CTA	BE CTA	BE	7453.07	2022-03-05 09:16:12
2022-01-01 00:00:00.000	PT60M	10YCZ-CEPS-----N	CTA	CZ CTA	CZ	5260.86	2022-01-01 02:15:52
2022-01-01 01:00:00.000	PT60M	10YCZ-CEPS-----N	CTA	CZ CTA	CZ	5187.02	2022-01-01 03:15:53
2022-01-01 02:00:00.000	PT60M	10YCZ-CEPS-----N	CTA	CZ CTA	CZ	5034.19	2022-01-01 04:16:28
2022-01-01 03:00:00.000	PT60M	10YCZ-CEPS-----N	CTA	CZ CTA	CZ	4991.29	2022-01-01 05:15:57
2022-01-01 01:15:00.000	PT15M	10YDE-ENBW-----N	CTA	DE(TransnetBW) CTA	DE_TransnetBW	4809.11	2022-01-01 02:45:45
2022-01-01 01:30:00.000	PT15M	10YDE-ENBW-----N	CTA	DE(TransnetBW) CTA	DE_TransnetBW	4805.88	2022-01-01 03:00:52
2022-01-01 01:45:00.000	PT15M	10YDE-ENBW-----N	CTA	DE(TransnetBW) CTA	DE_TransnetBW	4725.88	2022-01-01 03:15:52
2022-01-01 02:00:00.000	PT15M	10YDE-ENBW-----N	CTA	DE(TransnetBW) CTA	DE_TransnetBW	4696.87	2022-01-01 03:30:47
2022-01-01 02:15:00.000	PT15M	10YDE-ENBW-----N	CTA	DE(TransnetBW) CTA	DE_TransnetBW	4686.01	2022-01-01 03:45:48
2022-01-01 02:30:00.000	PT15M	10YDE-ENBW-----N	CTA	DE(TransnetBW) CTA	DE_TransnetBW	4719.33	2022-01-01 04:00:49
2022-01-01 02:45:00.000	PT15M	10YDE-ENBW-----N	CTA	DE(TransnetBW) CTA	DE_TransnetBW	4751.05	2022-01-01 04:16:27
2022-01-01 03:00:00.000	PT15M	10YDE-ENBW-----N	CTA	DE(TransnetBW) CTA	DE_TransnetBW	4791.13	2022-01-01 04:30:48
2022-01-01 03:15:00.000	PT15M	10YDE-ENBW-----N	CTA	DE(TransnetBW) CTA	DE_TransnetBW	4769.35	2022-01-01 04:45:48
2022-01-01 03:30:00.000	PT15M	10YDE-ENBW-----N	CTA	DE(TransnetBW) CTA	DE_TransnetBW	4844.34	2022-01-01 05:00:57
2022-01-01 03:45:00.000	PT15M	10YDE-ENBW-----N	CTA	DE(TransnetBW) CTA	DE_TransnetBW	4846.82	2022-01-01 05:15:56
2022-01-01 00:00:00.000	PT15M	10YDE-ENBW-----N	CTA	DE(TransnetBW) CTA	DE_TransnetBW	5011.05	2022-01-01 01:30:48
2022-01-01 00:15:00.000	PT15M	10YDE-ENBW-----N	CTA	DE(TransnetBW) CTA	DE_TransnetBW	4970.41	2022-01-01 01:45:47
2022-01-01 00:30:00.000	PT15M	10YDE-ENBW-----N	CTA	DE(TransnetBW) CTA	DE_TransnetBW	4926.24	2022-01-01 02:00:53
2022-01-01 00:45:00.000	PT15M	10YDE-ENBW-----N	CTA	DE(TransnetBW) CTA	DE_TransnetBW	4848.65	2022-01-01 02:15:52
2022-01-01 01:00:00.000	PT15M	10YDE-ENBW-----N	CTA	DE(TransnetBW) CTA	DE_TransnetBW	4819.35	2022-01-01 02:30:45
2022-01-01 00:00:00.000	PT60M	10Y1001A1001A46L	BZN	SE3 BZN	SE3	9612.0	2022-01-01 03:00:54
2022-01-01 01:00:00.000	PT60M	10Y1001A1001A46L	BZN	SE3 BZN	SE3	9601.0	2022-01-01 04:00:50
2022-01-01 02:00:00.000	PT60M	10Y1001A1001A46L	BZN	SE3 BZN	SE3	9552.0	2022-01-01 05:00:57
2022-01-01 03:00:00.000	PT60M	10Y1001A1001A46L	BZN	SE3 BZN	SE3	9449.0	2022-01-01 06:00:57
2022-01-01 01:15:00.000	PT15M	10YDE-VE-------2	CTA	DE(50Hertz) CTA	DE_50HzT	6953.27	2022-01-01 02:45:51
2022-01-01 01:30:00.000	PT15M	10YDE-VE-------2	CTA	DE(50Hertz) CTA	DE_50HzT	6835.07	2022-01-01 03:00:58
2022-01-01 01:45:00.000	PT15M	10YDE-VE-------2	CTA	DE(50Hertz) CTA	DE_50HzT	7025.67	2022-01-01 03:16:03
2022-01-01 02:00:00.000	PT15M	10YDE-VE-------2	CTA	DE(50Hertz) CTA	DE_50HzT	7165.87	2022-01-01 03:30:51
2022-01-01 02:15:00.000	PT15M	10YDE-VE-------2	CTA	DE(50Hertz) CTA	DE_50HzT	6931.87	2022-01-01 03:45:53
2022-01-01 02:30:00.000	PT15M	10YDE-VE-------2	CTA	DE(50Hertz) CTA	DE_50HzT	7047.4	2022-01-01 04:00:53
2022-01-01 02:45:00.000	PT15M	10YDE-VE-------2	CTA	DE(50Hertz) CTA	DE_50HzT	6687.67	2022-01-01 04:16:50
2022-01-01 03:00:00.000	PT15M	10YDE-VE-------2	CTA	DE(50Hertz) CTA	DE_50HzT	6552.73	2022-01-01 04:30:52
2022-01-01 03:15:00.000	PT15M	10YDE-VE-------2	CTA	DE(50Hertz) CTA	DE_50HzT	6293.87	2022-01-01 04:45:52
2022-01-01 03:30:00.000	PT15M	10YDE-VE-------2	CTA	DE(50Hertz) CTA	DE_50HzT	6705.27	2022-01-01 05:01:00
2022-01-01 03:45:00.000	PT15M	10YDE-VE-------2	CTA	DE(50Hertz) CTA	DE_50HzT	6484.07	2022-01-01 05:16:08
2022-01-01 00:00:00.000	PT15M	10YDE-VE-------2	CTA	DE(50Hertz) CTA	DE_50HzT	6808.0	2022-01-01 01:30:52
2022-01-01 00:15:00.000	PT15M	10YDE-VE-------2	CTA	DE(50Hertz) CTA	DE_50HzT	6505.2	2022-01-01 01:45:52
2022-01-01 00:30:00.000	PT15M	10YDE-VE-------2	CTA	DE(50Hertz) CTA	DE_50HzT	6581.87	2022-01-01 02:00:57
2022-01-01 00:45:00.000	PT15M	10YDE-VE-------2	CTA	DE(50Hertz) CTA	DE_50HzT	6592.8	2022-01-01 02:16:05
2022-01-01 01:00:00.000	PT15M	10YDE-VE-------2	CTA	DE(50Hertz) CTA	DE_50HzT	6602.07	2022-01-01 02:30:49
2022-01-01 00:00:00.000	PT60M	10Y1001A1001A796	CTA	DK CTA	DK	3314.22	2022-01-01 03:00:50
2022-01-01 01:00:00.000	PT60M	10Y1001A1001A796	CTA	DK CTA	DK	3218.35	2022-01-01 04:00:47
2022-01-01 02:00:00.000	PT60M	10Y1001A1001A796	CTA	DK CTA	DK	3125.95	2022-01-01 05:00:53
2022-01-01 03:00:00.000	PT60M	10Y1001A1001A796	CTA	DK CTA	DK	3079.97	2022-01-01 06:00:52
2022-01-01 01:15:00.000	PT15M	10YAT-APG------L	CTA	AT CTA	AT	5496.0	2022-01-01 03:15:54
2022-01-01 01:30:00.000	PT15M	10YAT-APG------L	CTA	AT CTA	AT	5418.8	2022-01-01 03:45:49
2022-01-01 01:45:00.000	PT15M	10YAT-APG------L	CTA	AT CTA	AT	5346.8	2022-01-01 03:45:49
2022-01-01 02:00:00.000	PT15M	10YAT-APG------L	CTA	AT CTA	AT	5308.4	2022-01-01 04:16:30
2022-01-01 02:15:00.000	PT15M	10YAT-APG------L	CTA	AT CTA	AT	5244.0	2022-01-01 04:16:30
2022-01-01 02:30:00.000	PT15M	10YAT-APG------L	CTA	AT CTA	AT	5219.2	2022-01-01 04:45:49
2022-01-01 02:45:00.000	PT15M	10YAT-APG------L	CTA	AT CTA	AT	5189.2	2022-01-01 04:45:49
2022-01-01 03:00:00.000	PT15M	10YAT-APG------L	CTA	AT CTA	AT	5195.6	2022-01-01 05:15:57
2022-01-01 03:15:00.000	PT15M	10YAT-APG------L	CTA	AT CTA	AT	5179.6	2022-01-01 05:15:57
2022-01-01 03:30:00.000	PT15M	10YAT-APG------L	CTA	AT CTA	AT	5182.8	2022-01-01 05:45:47
2022-01-01 03:45:00.000	PT15M	10YAT-APG------L	CTA	AT CTA	AT	5188.4	2022-01-01 05:45:47
2022-01-01 00:00:00.000	PT15M	10YAT-APG------L	CTA	AT CTA	AT	5707.2	2022-01-01 02:15:55
2022-01-01 00:15:00.000	PT15M	10YAT-APG------L	CTA	AT CTA	AT	5632.0	2022-01-01 02:15:55
2022-01-01 00:30:00.000	PT15M	10YAT-APG------L	CTA	AT CTA	AT	5550.4	2022-01-01 02:45:46
2022-01-01 00:45:00.000	PT15M	10YAT-APG------L	CTA	AT CTA	AT	5485.2	2022-01-01 02:45:46
2022-01-01 01:00:00.000	PT15M	10YAT-APG------L	CTA	AT CTA	AT	5555.2	2022-01-01 03:15:54
2022-01-01 00:00:00.000	PT60M	10YHR-HEP------M	BZN	HR BZN	HR	1676.0	2022-01-03 10:01:20
2022-01-01 01:00:00.000	PT60M	10YHR-HEP------M	BZN	HR BZN	HR	1579.0	2022-01-04 14:00:52
2022-01-01 02:00:00.000	PT60M	10YHR-HEP------M	BZN	HR BZN	HR	1503.0	2022-01-01 04:45:47
2022-01-01 03:00:00.000	PT60M	10YHR-HEP------M	BZN	HR BZN	HR	1462.0	2022-01-04 14:00:52
2022-01-01 02:30:00.000	PT30M	10YCY-1001A0003J	BZN	CY BZN	CY	353.3	2022-01-01 04:16:45
2022-01-01 03:00:00.000	PT30M	10YCY-1001A0003J	BZN	CY BZN	CY	350.13	2022-01-01 04:45:52
2022-01-01 03:30:00.000	PT30M	10YCY-1001A0003J	BZN	CY BZN	CY	347.98	2022-01-01 05:16:05
2022-01-01 00:00:00.000	PT30M	10YCY-1001A0003J	BZN	CY BZN	CY	422.27	2022-01-01 01:45:51
2022-01-01 00:30:00.000	PT30M	10YCY-1001A0003J	BZN	CY BZN	CY	399.78	2022-01-01 02:16:03
2022-01-01 01:00:00.000	PT30M	10YCY-1001A0003J	BZN	CY BZN	CY	381.04	2022-01-01 02:45:50
2022-01-01 01:30:00.000	PT30M	10YCY-1001A0003J	BZN	CY BZN	CY	368.98	2022-01-01 03:16:01
2022-01-01 02:00:00.000	PT30M	10YCY-1001A0003J	BZN	CY BZN	CY	357.9	2022-01-01 03:45:51
2022-01-01 00:00:00.000	PT60M	10YPL-AREA-----S	BZN	PL BZN	PL	14438.25	2022-01-01 08:30:55
2022-01-01 01:00:00.000	PT60M	10YPL-AREA-----S	BZN	PL BZN	PL	13934.85	2022-01-01 08:30:55
2022-01-01 02:00:00.000	PT60M	10YPL-AREA-----S	BZN	PL BZN	PL	13579.01	2022-01-01 08:30:55
2022-01-01 03:00:00.000	PT60M	10YPL-AREA-----S	BZN	PL BZN	PL	13396.76	2022-01-01 08:30:55
2022-01-01 01:15:00.000	PT15M	10YNL----------L	CTY	NL CTY	NL	9955.75	2022-01-29 03:01:10
2022-01-01 01:30:00.000	PT15M	10YNL----------L	CTY	NL CTY	NL	9861.22	2022-01-29 03:16:20
2022-01-01 01:45:00.000	PT15M	10YNL----------L	CTY	NL CTY	NL	9777.73	2022-01-29 03:31:07
2022-01-01 02:00:00.000	PT15M	10YNL----------L	CTY	NL CTY	NL	9869.52	2022-01-29 03:46:02
2022-01-01 02:15:00.000	PT15M	10YNL----------L	CTY	NL CTY	NL	9842.51	2022-01-29 04:01:07
2022-01-01 02:30:00.000	PT15M	10YNL----------L	CTY	NL CTY	NL	9758.2	2022-01-29 04:16:08
2022-01-01 02:45:00.000	PT15M	10YNL----------L	CTY	NL CTY	NL	9658.99	2022-01-29 04:31:05
2022-01-01 03:00:00.000	PT15M	10YNL----------L	CTY	NL CTY	NL	9663.0	2022-01-29 04:46:04
2022-01-01 03:15:00.000	PT15M	10YNL----------L	CTY	NL CTY	NL	9622.75	2022-01-29 05:01:09
2022-01-01 03:30:00.000	PT15M	10YNL----------L	CTY	NL CTY	NL	9566.56	2022-01-29 05:16:09
2022-01-01 03:45:00.000	PT15M	10YNL----------L	CTY	NL CTY	NL	9505.79	2022-01-29 05:31:07
2022-01-01 00:00:00.000	PT15M	10YNL----------L	CTY	NL CTY	NL	10326.48	2022-01-29 01:46:03
2022-01-01 00:15:00.000	PT15M	10YNL----------L	CTY	NL CTY	NL	10331.75	2022-01-29 02:01:09
2022-01-01 00:30:00.000	PT15M	10YNL----------L	CTY	NL CTY	NL	10223.21	2022-01-29 02:16:23
2022-01-01 00:45:00.000	PT15M	10YNL----------L	CTY	NL CTY	NL	10118.23	2022-01-29 02:31:08
2022-01-01 01:00:00.000	PT15M	10YNL----------L	CTY	NL CTY	NL	10033.44	2022-01-29 02:46:04
2022-01-01 00:00:00.000	PT60M	10YPL-AREA-----S	CTY	PL CTY	PL	14438.25	2022-01-01 08:30:55
2022-01-01 01:00:00.000	PT60M	10YPL-AREA-----S	CTY	PL CTY	PL	13934.85	2022-01-01 08:30:55
2022-01-01 02:00:00.000	PT60M	10YPL-AREA-----S	CTY	PL CTY	PL	13579.01	2022-01-01 08:30:55
2022-01-01 03:00:00.000	PT60M	10YPL-AREA-----S	CTY	PL CTY	PL	13396.76	2022-01-01 08:30:55
2022-01-01 00:00:00.000	PT60M	10YCS-CG-TSO---S	BZN	ME BZN	ME	294.47	2022-01-01 04:30:52
2022-01-01 01:00:00.000	PT60M	10YCS-CG-TSO---S	BZN	ME BZN	ME	259.6	2022-01-01 04:30:52
2022-01-01 02:00:00.000	PT60M	10YCS-CG-TSO---S	BZN	ME BZN	ME	228.07	2022-01-01 04:30:52
2022-01-01 03:00:00.000	PT60M	10YCS-CG-TSO---S	BZN	ME BZN	ME	217.98	2022-01-01 05:30:51
2022-01-01 01:15:00.000	PT15M	10YRO-TEL------P	CTA	RO CTA	RO	5470.0	2022-01-01 02:45:50
2022-01-01 01:30:00.000	PT15M	10YRO-TEL------P	CTA	RO CTA	RO	5426.0	2022-01-01 03:00:56
2022-01-01 01:45:00.000	PT15M	10YRO-TEL------P	CTA	RO CTA	RO	5378.0	2022-01-01 03:16:00
2022-01-01 02:00:00.000	PT15M	10YRO-TEL------P	CTA	RO CTA	RO	5349.0	2022-01-01 03:30:50
2022-01-01 02:15:00.000	PT15M	10YRO-TEL------P	CTA	RO CTA	RO	5323.0	2022-01-01 03:45:51
2022-01-01 02:30:00.000	PT15M	10YRO-TEL------P	CTA	RO CTA	RO	5308.0	2022-01-01 04:00:51
2022-01-01 02:45:00.000	PT15M	10YRO-TEL------P	CTA	RO CTA	RO	5290.0	2022-01-01 04:16:43
2022-01-01 03:00:00.000	PT15M	10YRO-TEL------P	CTA	RO CTA	RO	5274.0	2022-01-01 04:30:51
2022-01-01 03:15:00.000	PT15M	10YRO-TEL------P	CTA	RO CTA	RO	5270.0	2022-01-01 04:45:52
2022-01-01 03:30:00.000	PT15M	10YRO-TEL------P	CTA	RO CTA	RO	5257.0	2022-01-01 05:00:58
2022-01-01 03:45:00.000	PT15M	10YRO-TEL------P	CTA	RO CTA	RO	5241.0	2022-01-01 05:16:03
2022-01-01 00:00:00.000	PT15M	10YRO-TEL------P	CTA	RO CTA	RO	5704.0	2022-01-01 01:30:51
2022-01-01 00:15:00.000	PT15M	10YRO-TEL------P	CTA	RO CTA	RO	5641.0	2022-01-01 01:45:50
2022-01-01 00:30:00.000	PT15M	10YRO-TEL------P	CTA	RO CTA	RO	5594.0	2022-01-01 02:00:55
2022-01-01 00:45:00.000	PT15M	10YRO-TEL------P	CTA	RO CTA	RO	5549.0	2022-01-01 02:16:00
2022-01-01 01:00:00.000	PT15M	10YRO-TEL------P	CTA	RO CTA	RO	5502.0	2022-01-01 02:30:48
2022-01-01 00:00:00.000	PT60M	10Y1001A1001A71M	BZN	IT-Centre-South BZN	IT-CSOUTH	4216.0	2022-02-10 07:16:13
2022-01-01 01:00:00.000	PT60M	10Y1001A1001A71M	BZN	IT-Centre-South BZN	IT-CSOUTH	3822.0	2022-02-10 07:16:13
2022-01-01 02:00:00.000	PT60M	10Y1001A1001A71M	BZN	IT-Centre-South BZN	IT-CSOUTH	3503.0	2022-02-10 07:16:13
2022-01-01 03:00:00.000	PT60M	10Y1001A1001A71M	BZN	IT-Centre-South BZN	IT-CSOUTH	3282.0	2022-02-10 07:16:13
2022-01-01 00:00:00.000	PT60M	10YUA-WEPS-----0	BZN	UA-BEI BZN	UA_BEI	727.0	2022-02-23 19:46:40
2022-01-01 01:00:00.000	PT60M	10YUA-WEPS-----0	BZN	UA-BEI BZN	UA_BEI	704.0	2022-02-23 19:46:40
2022-01-01 02:00:00.000	PT60M	10YUA-WEPS-----0	BZN	UA-BEI BZN	UA_BEI	691.0	2022-02-23 19:46:40
2022-01-01 03:00:00.000	PT60M	10YUA-WEPS-----0	BZN	UA-BEI BZN	UA_BEI	693.0	2022-02-23 19:46:40
2022-01-01 00:00:00.000	PT60M	10YSK-SEPS-----K	CTY	SK CTY	SK	2650.0	2022-01-01 02:15:57
2022-01-01 01:00:00.000	PT60M	10YSK-SEPS-----K	CTY	SK CTY	SK	2629.0	2022-01-01 03:15:57
2022-01-01 02:00:00.000	PT60M	10YSK-SEPS-----K	CTY	SK CTY	SK	2560.0	2022-01-01 04:16:37
2022-01-01 03:00:00.000	PT60M	10YSK-SEPS-----K	CTY	SK CTY	SK	2544.0	2022-01-01 05:15:59
2022-01-01 00:00:00.000	PT60M	10Y1001C--00096J	BZN	IT-Calabria BZN	IT-Calabria	478.0	2022-02-10 07:16:13
2022-01-01 01:00:00.000	PT60M	10Y1001C--00096J	BZN	IT-Calabria BZN	IT-Calabria	510.0	2022-02-10 07:16:13
2022-01-01 02:00:00.000	PT60M	10Y1001C--00096J	BZN	IT-Calabria BZN	IT-Calabria	542.0	2022-02-10 07:16:13
2022-01-01 03:00:00.000	PT60M	10Y1001C--00096J	BZN	IT-Calabria BZN	IT-Calabria	569.0	2022-01-01 17:45:46
2022-01-01 00:00:00.000	PT60M	10Y1001A1001A75E	BZN	IT-Sicily BZN	IT-Sicily	1599.0	2022-02-10 07:16:12
2022-01-01 01:00:00.000	PT60M	10Y1001A1001A75E	BZN	IT-Sicily BZN	IT-Sicily	1478.0	2022-02-10 07:16:12
2022-01-01 02:00:00.000	PT60M	10Y1001A1001A75E	BZN	IT-Sicily BZN	IT-Sicily	1374.0	2022-02-10 07:16:12
2022-01-01 03:00:00.000	PT60M	10Y1001A1001A75E	BZN	IT-Sicily BZN	IT-Sicily	1305.0	2022-02-10 07:16:13
2022-01-01 02:30:00.000	PT30M	10YIE-1001A00010	CTA	IE CTA	IE	2742.05	2022-01-01 05:01:01
2022-01-01 03:00:00.000	PT30M	10YIE-1001A00010	CTA	IE CTA	IE	2675.83	2022-01-01 06:01:03
2022-01-01 03:30:00.000	PT30M	10YIE-1001A00010	CTA	IE CTA	IE	2611.26	2022-01-01 06:01:03
2022-01-01 00:00:00.000	PT30M	10YIE-1001A00010	CTA	IE CTA	IE	3130.07	2022-01-01 03:15:47
2022-01-01 00:30:00.000	PT30M	10YIE-1001A00010	CTA	IE CTA	IE	3088.97	2022-01-01 03:15:47
2022-01-01 01:00:00.000	PT30M	10YIE-1001A00010	CTA	IE CTA	IE	2988.69	2022-01-01 04:15:49
2022-01-01 01:30:00.000	PT30M	10YIE-1001A00010	CTA	IE CTA	IE	2914.15	2022-01-01 04:15:49
2022-01-01 02:00:00.000	PT30M	10YIE-1001A00010	CTA	IE CTA	IE	2819.27	2022-01-01 05:01:01
2022-01-01 00:00:00.000	PT60M	10YLT-1001A0008Q	CTA	LT CTA	LT	1174.91	2022-01-01 02:15:57
2022-01-01 01:00:00.000	PT60M	10YLT-1001A0008Q	CTA	LT CTA	LT	1142.76	2022-01-01 03:15:58
2022-01-01 02:00:00.000	PT60M	10YLT-1001A0008Q	CTA	LT CTA	LT	1114.69	2022-01-01 04:16:37
2022-01-01 03:00:00.000	PT60M	10YLT-1001A0008Q	CTA	LT CTA	LT	1112.2	2022-01-01 05:15:59
2022-01-01 00:00:00.000	PT60M	10YBA-JPCC-----D	CTY	BA CTY	BA	980.86	2022-01-01 02:45:45
2022-01-01 01:00:00.000	PT60M	10YBA-JPCC-----D	CTY	BA CTY	BA	887.42	2022-01-01 03:45:46
2022-01-01 02:00:00.000	PT60M	10YBA-JPCC-----D	CTY	BA CTY	BA	876.31	2022-01-01 04:45:48
2022-01-01 03:00:00.000	PT60M	10YBA-JPCC-----D	CTY	BA CTY	BA	885.82	2022-01-01 05:45:45
2022-01-01 00:00:00.000	PT15M	10YAL-KESH-----5	BZN	AL BZN	AL	181.0	2022-01-13 08:31:01
2022-01-01 00:15:00.000	PT15M	10YAL-KESH-----5	BZN	AL BZN	AL	181.0	2022-01-13 08:31:01
2022-01-01 00:30:00.000	PT15M	10YAL-KESH-----5	BZN	AL BZN	AL	181.0	2022-01-13 08:31:01
2022-01-01 00:45:00.000	PT15M	10YAL-KESH-----5	BZN	AL BZN	AL	181.0	2022-01-13 08:31:01
2022-01-01 01:00:00.000	PT15M	10YAL-KESH-----5	BZN	AL BZN	AL	154.0	2022-01-13 08:31:01
2022-01-01 01:15:00.000	PT15M	10YAL-KESH-----5	BZN	AL BZN	AL	154.0	2022-01-13 08:31:01
2022-01-01 01:30:00.000	PT15M	10YAL-KESH-----5	BZN	AL BZN	AL	154.0	2022-01-13 08:31:01
2022-01-01 01:45:00.000	PT15M	10YAL-KESH-----5	BZN	AL BZN	AL	154.0	2022-01-13 08:31:01
2022-01-01 02:00:00.000	PT15M	10YAL-KESH-----5	BZN	AL BZN	AL	139.0	2022-01-13 08:31:01
2022-01-01 02:15:00.000	PT15M	10YAL-KESH-----5	BZN	AL BZN	AL	139.0	2022-01-13 08:31:01
2022-01-01 02:30:00.000	PT15M	10YAL-KESH-----5	BZN	AL BZN	AL	139.0	2022-01-13 08:31:01
2022-01-01 02:45:00.000	PT15M	10YAL-KESH-----5	BZN	AL BZN	AL	139.0	2022-01-13 08:31:01
2022-01-01 03:00:00.000	PT15M	10YAL-KESH-----5	BZN	AL BZN	AL	132.0	2022-01-13 08:31:01
2022-01-01 03:15:00.000	PT15M	10YAL-KESH-----5	BZN	AL BZN	AL	132.0	2022-01-13 08:31:01
2022-01-01 03:30:00.000	PT15M	10YAL-KESH-----5	BZN	AL BZN	AL	132.0	2022-01-13 08:31:01
2022-01-01 03:45:00.000	PT15M	10YAL-KESH-----5	BZN	AL BZN	AL	132.0	2022-01-13 08:31:01
2022-01-01 00:00:00.000	PT15M	10YLU-CEGEDEL-NQ	CTA	LU CTA	LU	332.24	2022-01-10 09:01:18
2022-01-01 00:15:00.000	PT15M	10YLU-CEGEDEL-NQ	CTA	LU CTA	LU	329.75	2022-01-10 09:01:18
2022-01-01 00:30:00.000	PT15M	10YLU-CEGEDEL-NQ	CTA	LU CTA	LU	324.91	2022-01-10 09:01:18
2022-01-01 00:45:00.000	PT15M	10YLU-CEGEDEL-NQ	CTA	LU CTA	LU	315.33	2022-01-10 09:01:18
2022-01-01 01:00:00.000	PT15M	10YLU-CEGEDEL-NQ	CTA	LU CTA	LU	315.49	2022-01-10 09:01:18
2022-01-01 01:15:00.000	PT15M	10YLU-CEGEDEL-NQ	CTA	LU CTA	LU	317.98	2022-01-10 09:01:18
2022-01-01 01:30:00.000	PT15M	10YLU-CEGEDEL-NQ	CTA	LU CTA	LU	317.11	2022-01-10 09:01:18
2022-01-01 01:45:00.000	PT15M	10YLU-CEGEDEL-NQ	CTA	LU CTA	LU	319.25	2022-01-10 09:01:18
2022-01-01 02:00:00.000	PT15M	10YLU-CEGEDEL-NQ	CTA	LU CTA	LU	318.85	2022-01-10 09:01:18
2022-01-01 02:15:00.000	PT15M	10YLU-CEGEDEL-NQ	CTA	LU CTA	LU	317.42	2022-01-10 09:01:18
2022-01-01 02:30:00.000	PT15M	10YLU-CEGEDEL-NQ	CTA	LU CTA	LU	320.83	2022-01-10 09:01:18
2022-01-01 02:45:00.000	PT15M	10YLU-CEGEDEL-NQ	CTA	LU CTA	LU	322.09	2022-01-10 09:01:18
2022-01-01 03:00:00.000	PT15M	10YLU-CEGEDEL-NQ	CTA	LU CTA	LU	323.85	2022-01-10 09:01:18
2022-01-01 03:15:00.000	PT15M	10YLU-CEGEDEL-NQ	CTA	LU CTA	LU	320.8	2022-01-10 09:01:18
2022-01-01 03:30:00.000	PT15M	10YLU-CEGEDEL-NQ	CTA	LU CTA	LU	319.56	2022-01-10 09:01:18
2022-01-01 03:45:00.000	PT15M	10YLU-CEGEDEL-NQ	CTA	LU CTA	LU	317.27	2022-01-10 09:01:18
2022-01-01 00:00:00.000	PT60M	10YCA-BULGARIA-R	BZN	BG BZN	BG	3888.0	2022-01-04 10:16:19
2022-01-01 01:00:00.000	PT60M	10YCA-BULGARIA-R	BZN	BG BZN	BG	3751.0	2022-01-04 10:16:19
2022-01-01 02:00:00.000	PT60M	10YCA-BULGARIA-R	BZN	BG BZN	BG	3668.0	2022-01-04 10:16:19
2022-01-01 03:00:00.000	PT60M	10YCA-BULGARIA-R	BZN	BG BZN	BG	3616.0	2022-01-04 10:16:19
2022-01-01 01:15:00.000	PT15M	10YNL----------L	CTA	NL CTA	NL	9955.75	2022-01-29 03:01:09
2022-01-01 01:30:00.000	PT15M	10YNL----------L	CTA	NL CTA	NL	9861.22	2022-01-29 03:16:20
2022-01-01 01:45:00.000	PT15M	10YNL----------L	CTA	NL CTA	NL	9777.73	2022-01-29 03:31:07
2022-01-01 02:00:00.000	PT15M	10YNL----------L	CTA	NL CTA	NL	9869.52	2022-01-29 03:46:02
2022-01-01 02:15:00.000	PT15M	10YNL----------L	CTA	NL CTA	NL	9842.51	2022-01-29 04:01:07
2022-01-01 02:30:00.000	PT15M	10YNL----------L	CTA	NL CTA	NL	9758.2	2022-01-29 04:16:08
2022-01-01 02:45:00.000	PT15M	10YNL----------L	CTA	NL CTA	NL	9658.99	2022-01-29 04:31:05
2022-01-01 03:00:00.000	PT15M	10YNL----------L	CTA	NL CTA	NL	9663.0	2022-01-29 04:46:04
2022-01-01 03:15:00.000	PT15M	10YNL----------L	CTA	NL CTA	NL	9622.75	2022-01-29 05:01:09
2022-01-01 03:30:00.000	PT15M	10YNL----------L	CTA	NL CTA	NL	9566.56	2022-01-29 05:16:09
2022-01-01 03:45:00.000	PT15M	10YNL----------L	CTA	NL CTA	NL	9505.79	2022-01-29 05:31:07
2022-01-01 00:00:00.000	PT15M	10YNL----------L	CTA	NL CTA	NL	10326.48	2022-01-29 01:46:03
2022-01-01 00:15:00.000	PT15M	10YNL----------L	CTA	NL CTA	NL	10331.75	2022-01-29 02:01:09
2022-01-01 00:30:00.000	PT15M	10YNL----------L	CTA	NL CTA	NL	10223.21	2022-01-29 02:16:23
2022-01-01 00:45:00.000	PT15M	10YNL----------L	CTA	NL CTA	NL	10118.23	2022-01-29 02:31:08
2022-01-01 01:00:00.000	PT15M	10YNL----------L	CTA	NL CTA	NL	10033.44	2022-01-29 02:46:04
2022-01-01 00:00:00.000	PT60M	10YSI-ELES-----O	BZN	SI BZN	SI	1127.41	2022-01-01 03:00:52
2022-01-01 01:00:00.000	PT60M	10YSI-ELES-----O	BZN	SI BZN	SI	1082.8	2022-01-01 04:00:47
2022-01-01 02:00:00.000	PT60M	10YSI-ELES-----O	BZN	SI BZN	SI	1052.74	2022-01-01 05:00:54
2022-01-01 03:00:00.000	PT60M	10YSI-ELES-----O	BZN	SI BZN	SI	1047.34	2022-01-01 06:00:54
2022-01-01 00:00:00.000	PT60M	10Y1001A1001A45N	BZN	SE2 BZN	SE2	2219.0	2022-01-01 03:00:54
2022-01-01 01:00:00.000	PT60M	10Y1001A1001A45N	BZN	SE2 BZN	SE2	2293.0	2022-01-01 04:00:50
2022-01-01 02:00:00.000	PT60M	10Y1001A1001A45N	BZN	SE2 BZN	SE2	2282.0	2022-01-01 05:00:58
2022-01-01 03:00:00.000	PT60M	10Y1001A1001A45N	BZN	SE2 BZN	SE2	2242.0	2022-01-01 06:00:57
2022-01-01 01:15:00.000	PT15M	10YHU-MAVIR----U	CTA	HU CTA	HU	3950.4	2022-01-01 02:45:49
2022-01-01 01:30:00.000	PT15M	10YHU-MAVIR----U	CTA	HU CTA	HU	3882.07	2022-01-01 03:00:55
2022-01-01 01:45:00.000	PT15M	10YHU-MAVIR----U	CTA	HU CTA	HU	3824.12	2022-01-01 03:15:58
2022-01-01 02:00:00.000	PT15M	10YHU-MAVIR----U	CTA	HU CTA	HU	3769.6	2022-01-01 03:30:50
2022-01-01 02:15:00.000	PT15M	10YHU-MAVIR----U	CTA	HU CTA	HU	3732.59	2022-01-01 03:45:50
2022-01-01 02:30:00.000	PT15M	10YHU-MAVIR----U	CTA	HU CTA	HU	3707.15	2022-01-01 04:00:52
2022-01-01 02:45:00.000	PT15M	10YHU-MAVIR----U	CTA	HU CTA	HU	3677.45	2022-01-01 04:16:41
2022-01-01 03:00:00.000	PT15M	10YHU-MAVIR----U	CTA	HU CTA	HU	3664.4	2022-01-01 04:30:51
2022-01-01 03:15:00.000	PT15M	10YHU-MAVIR----U	CTA	HU CTA	HU	3655.62	2022-01-01 04:45:51
2022-01-01 03:30:00.000	PT15M	10YHU-MAVIR----U	CTA	HU CTA	HU	3647.42	2022-01-01 05:00:59
2022-01-01 03:45:00.000	PT15M	10YHU-MAVIR----U	CTA	HU CTA	HU	3662.17	2022-01-01 05:16:00
2022-01-01 00:00:00.000	PT15M	10YHU-MAVIR----U	CTA	HU CTA	HU	4254.23	2022-01-01 01:30:52
2022-01-01 00:15:00.000	PT15M	10YHU-MAVIR----U	CTA	HU CTA	HU	4211.19	2022-01-01 01:45:50
2022-01-01 00:30:00.000	PT15M	10YHU-MAVIR----U	CTA	HU CTA	HU	4154.98	2022-01-01 02:00:56
2022-01-01 00:45:00.000	PT15M	10YHU-MAVIR----U	CTA	HU CTA	HU	4086.52	2022-01-01 02:15:59
2022-01-01 01:00:00.000	PT15M	10YHU-MAVIR----U	CTA	HU CTA	HU	4003.57	2022-01-01 02:30:48
2022-01-01 00:00:00.000	PT60M	10YNO-1--------2	BZN	NO1 BZN	NO1	4700.94	2022-01-02 03:00:55
2022-01-01 01:00:00.000	PT60M	10YNO-1--------2	BZN	NO1 BZN	NO1	4681.27	2022-01-02 03:00:55
2022-01-01 02:00:00.000	PT60M	10YNO-1--------2	BZN	NO1 BZN	NO1	4619.73	2022-01-02 03:00:55
2022-01-01 03:00:00.000	PT60M	10YNO-1--------2	BZN	NO1 BZN	NO1	4644.5	2022-01-02 03:00:55
2022-01-01 00:00:00.000	PT60M	10Y1001A1001B012	CTY	GE CTY	GE	1626.51	2022-01-01 02:15:56
2022-01-01 01:00:00.000	PT60M	10Y1001A1001B012	CTY	GE CTY	GE	1611.43	2022-01-01 03:15:56
2022-01-01 02:00:00.000	PT60M	10Y1001A1001B012	CTY	GE CTY	GE	1597.56	2022-01-01 05:15:58
2022-01-01 03:00:00.000	PT60M	10Y1001A1001B012	CTY	GE CTY	GE	1622.94	2022-01-01 05:15:58
2022-01-01 00:00:00.000	PT60M	10YCH-SWISSGRIDZ	BZN	CH BZN	CH	7363.64	2022-01-01 02:15:50
2022-01-01 01:00:00.000	PT60M	10YCH-SWISSGRIDZ	BZN	CH BZN	CH	6904.7	2022-01-01 03:15:48
2022-01-01 02:00:00.000	PT60M	10YCH-SWISSGRIDZ	BZN	CH BZN	CH	7207.1	2022-01-01 04:15:49
2022-01-01 03:00:00.000	PT60M	10YCH-SWISSGRIDZ	BZN	CH BZN	CH	7120.73	2022-01-01 05:01:00
2022-01-01 00:00:00.000	PT60M	10Y1001A1001A65H	CTY	DK CTY	DK	3314.22	2022-01-01 03:00:50
2022-01-01 01:00:00.000	PT60M	10Y1001A1001A65H	CTY	DK CTY	DK	3218.35	2022-01-01 04:00:47
2022-01-01 02:00:00.000	PT60M	10Y1001A1001A65H	CTY	DK CTY	DK	3125.95	2022-01-01 05:00:53
2022-01-01 03:00:00.000	PT60M	10Y1001A1001A65H	CTY	DK CTY	DK	3079.97	2022-01-01 06:00:53
2022-01-01 00:00:00.000	PT60M	10YCA-BULGARIA-R	CTA	BG CTA	BG	3888.0	2022-01-04 10:16:17
2022-01-01 01:00:00.000	PT60M	10YCA-BULGARIA-R	CTA	BG CTA	BG	3751.0	2022-01-04 10:16:17
2022-01-01 02:00:00.000	PT60M	10YCA-BULGARIA-R	CTA	BG CTA	BG	3668.0	2022-01-04 10:16:17
2022-01-01 03:00:00.000	PT60M	10YCA-BULGARIA-R	CTA	BG CTA	BG	3616.0	2022-01-04 10:16:17
2022-01-01 00:00:00.000	PT60M	10Y1001A1001A788	BZN	IT-South BZN	IT-SOUTH	1614.0	2022-02-10 07:16:11
2022-01-01 01:00:00.000	PT60M	10Y1001A1001A788	BZN	IT-South BZN	IT-SOUTH	1431.0	2022-02-10 07:16:11
2022-01-01 02:00:00.000	PT60M	10Y1001A1001A788	BZN	IT-South BZN	IT-SOUTH	1348.0	2022-02-10 07:16:11
2022-01-01 03:00:00.000	PT60M	10Y1001A1001A788	BZN	IT-South BZN	IT-SOUTH	1297.0	2022-02-10 07:16:11
2022-01-01 00:00:00.000	PT60M	10YLV-1001A00074	CTY	LV CTY	LV	667.0	2022-01-01 02:15:49
2022-01-01 01:00:00.000	PT60M	10YLV-1001A00074	CTY	LV CTY	LV	650.0	2022-01-01 03:15:47
2022-01-01 02:00:00.000	PT60M	10YLV-1001A00074	CTY	LV CTY	LV	633.0	2022-01-01 04:15:49
2022-01-01 03:00:00.000	PT60M	10YLV-1001A00074	CTY	LV CTY	LV	633.0	2022-01-01 05:15:50
2022-01-01 00:00:00.000	PT60M	10YHR-HEP------M	CTY	HR CTY	HR	1676.0	2022-01-03 10:01:20
2022-01-01 01:00:00.000	PT60M	10YHR-HEP------M	CTY	HR CTY	HR	1579.0	2022-01-04 14:00:52
2022-01-01 02:00:00.000	PT60M	10YHR-HEP------M	CTY	HR CTY	HR	1503.0	2022-01-01 04:45:47
2022-01-01 03:00:00.000	PT60M	10YHR-HEP------M	CTY	HR CTY	HR	1462.0	2022-01-04 14:00:52
2022-01-01 00:00:00.000	PT60M	10YBA-JPCC-----D	BZN	BA BZN	BA	980.86	2022-01-01 02:45:45
2022-01-01 01:00:00.000	PT60M	10YBA-JPCC-----D	BZN	BA BZN	BA	887.42	2022-01-01 03:45:47
2022-01-01 02:00:00.000	PT60M	10YBA-JPCC-----D	BZN	BA BZN	BA	876.31	2022-01-01 04:45:48
2022-01-01 03:00:00.000	PT60M	10YBA-JPCC-----D	BZN	BA BZN	BA	885.82	2022-01-01 05:45:45
2022-01-01 01:15:00.000	PT15M	10YBE----------2	CTY	BE CTY	BE	7199.26	2022-03-05 09:16:13
2022-01-01 01:30:00.000	PT15M	10YBE----------2	CTY	BE CTY	BE	7162.67	2022-03-05 09:16:13
2022-01-01 01:45:00.000	PT15M	10YBE----------2	CTY	BE CTY	BE	7083.56	2022-03-05 09:16:13
2022-01-01 02:00:00.000	PT15M	10YBE----------2	CTY	BE CTY	BE	7016.43	2022-03-05 09:16:13
2022-01-01 02:15:00.000	PT15M	10YBE----------2	CTY	BE CTY	BE	7026.58	2022-03-05 09:16:13
2022-01-01 02:30:00.000	PT15M	10YBE----------2	CTY	BE CTY	BE	7013.78	2022-03-05 09:16:13
2022-01-01 02:45:00.000	PT15M	10YBE----------2	CTY	BE CTY	BE	6975.85	2022-03-05 09:16:13
2022-01-01 03:00:00.000	PT15M	10YBE----------2	CTY	BE CTY	BE	6957.55	2022-03-05 09:16:13
2022-01-01 03:15:00.000	PT15M	10YBE----------2	CTY	BE CTY	BE	6956.04	2022-03-05 09:16:13
2022-01-01 03:30:00.000	PT15M	10YBE----------2	CTY	BE CTY	BE	6974.37	2022-03-05 09:16:13
2022-01-01 03:45:00.000	PT15M	10YBE----------2	CTY	BE CTY	BE	6965.81	2022-03-05 09:16:13
2022-01-01 00:00:00.000	PT15M	10YBE----------2	CTY	BE CTY	BE	7842.55	2022-03-05 09:16:13
2022-01-01 00:15:00.000	PT15M	10YBE----------2	CTY	BE CTY	BE	7711.5	2022-03-05 09:16:13
2022-01-01 00:30:00.000	PT15M	10YBE----------2	CTY	BE CTY	BE	7627.31	2022-03-05 09:16:13
2022-01-01 00:45:00.000	PT15M	10YBE----------2	CTY	BE CTY	BE	7453.07	2022-03-05 09:16:13
2022-01-01 01:00:00.000	PT15M	10YBE----------2	CTY	BE CTY	BE	7300.43	2022-03-05 09:16:13
2022-01-01 00:00:00.000	PT60M	10YCA-BULGARIA-R	CTY	BG CTY	BG	3888.0	2022-01-04 10:16:19
2022-01-01 01:00:00.000	PT60M	10YCA-BULGARIA-R	CTY	BG CTY	BG	3751.0	2022-01-04 10:16:19
2022-01-01 02:00:00.000	PT60M	10YCA-BULGARIA-R	CTY	BG CTY	BG	3668.0	2022-01-04 10:16:19
2022-01-01 03:00:00.000	PT60M	10YCA-BULGARIA-R	CTY	BG CTY	BG	3616.0	2022-01-04 10:16:19
2022-01-01 00:00:00.000	PT15M	10YLU-CEGEDEL-NQ	CTY	LU CTY	LU	332.24	2022-01-10 09:01:19
2022-01-01 00:15:00.000	PT15M	10YLU-CEGEDEL-NQ	CTY	LU CTY	LU	329.75	2022-01-10 09:01:19
2022-01-01 00:30:00.000	PT15M	10YLU-CEGEDEL-NQ	CTY	LU CTY	LU	324.91	2022-01-10 09:01:19
2022-01-01 00:45:00.000	PT15M	10YLU-CEGEDEL-NQ	CTY	LU CTY	LU	315.33	2022-01-10 09:01:19
2022-01-01 01:00:00.000	PT15M	10YLU-CEGEDEL-NQ	CTY	LU CTY	LU	315.49	2022-01-10 09:01:19
2022-01-01 01:15:00.000	PT15M	10YLU-CEGEDEL-NQ	CTY	LU CTY	LU	317.98	2022-01-10 09:01:19
2022-01-01 01:30:00.000	PT15M	10YLU-CEGEDEL-NQ	CTY	LU CTY	LU	317.11	2022-01-10 09:01:19
2022-01-01 01:45:00.000	PT15M	10YLU-CEGEDEL-NQ	CTY	LU CTY	LU	319.25	2022-01-10 09:01:19
2022-01-01 02:00:00.000	PT15M	10YLU-CEGEDEL-NQ	CTY	LU CTY	LU	318.85	2022-01-10 09:01:19
2022-01-01 02:15:00.000	PT15M	10YLU-CEGEDEL-NQ	CTY	LU CTY	LU	317.42	2022-01-10 09:01:19
2022-01-01 02:30:00.000	PT15M	10YLU-CEGEDEL-NQ	CTY	LU CTY	LU	320.83	2022-01-10 09:01:19
2022-01-01 02:45:00.000	PT15M	10YLU-CEGEDEL-NQ	CTY	LU CTY	LU	322.09	2022-01-10 09:01:19
2022-01-01 03:00:00.000	PT15M	10YLU-CEGEDEL-NQ	CTY	LU CTY	LU	323.85	2022-01-10 09:01:19
2022-01-01 03:15:00.000	PT15M	10YLU-CEGEDEL-NQ	CTY	LU CTY	LU	320.8	2022-01-10 09:01:19
2022-01-01 03:30:00.000	PT15M	10YLU-CEGEDEL-NQ	CTY	LU CTY	LU	319.56	2022-01-10 09:01:19
2022-01-01 03:45:00.000	PT15M	10YLU-CEGEDEL-NQ	CTY	LU CTY	LU	317.27	2022-01-10 09:01:19
2022-01-01 00:00:00.000	PT60M	10Y1001C--000182	BZN	UA-IPS BZN	UA_IPS	15955.0	2022-02-23 19:46:19
2022-01-01 01:00:00.000	PT60M	10Y1001C--000182	BZN	UA-IPS BZN	UA_IPS	15590.0	2022-02-23 19:46:19
2022-01-01 02:00:00.000	PT60M	10Y1001C--000182	BZN	UA-IPS BZN	UA_IPS	15324.0	2022-02-23 19:46:19
2022-01-01 03:00:00.000	PT60M	10Y1001C--000182	BZN	UA-IPS BZN	UA_IPS	15427.0	2022-02-23 19:46:19
2022-01-01 00:00:00.000	PT60M	10Y1001C--00003F	CTY	UA CTY	UA	16682.0	2022-02-23 19:46:19
2022-01-01 01:00:00.000	PT60M	10Y1001C--00003F	CTY	UA CTY	UA	16294.0	2022-02-23 19:46:19
2022-01-01 02:00:00.000	PT60M	10Y1001C--00003F	CTY	UA CTY	UA	16015.0	2022-02-23 19:46:19
2022-01-01 03:00:00.000	PT60M	10Y1001C--00003F	CTY	UA CTY	UA	16120.0	2022-02-23 19:46:19
2022-01-01 00:00:00.000	PT60M	10YFR-RTE------C	CTA	FR CTA	FR	51654.0	2022-01-01 02:45:45
2022-01-01 01:00:00.000	PT60M	10YFR-RTE------C	CTA	FR CTA	FR	50160.0	2022-01-01 03:45:48
2022-01-01 02:00:00.000	PT60M	10YFR-RTE------C	CTA	FR CTA	FR	47250.0	2022-01-01 04:45:50
2022-01-01 03:00:00.000	PT60M	10YFR-RTE------C	CTA	FR CTA	FR	45424.0	2022-01-01 05:45:48
2022-01-01 01:15:00.000	PT15M	10Y1001A1001A83F	CTY	DE CTY	DE	37599.53	2022-01-01 19:00:53
2022-01-01 01:30:00.000	PT15M	10Y1001A1001A83F	CTY	DE CTY	DE	37213.16	2022-01-01 19:00:53
2022-01-01 01:45:00.000	PT15M	10Y1001A1001A83F	CTY	DE CTY	DE	36825.38	2022-01-01 19:00:53
2022-01-01 02:00:00.000	PT15M	10Y1001A1001A83F	CTY	DE CTY	DE	36816.82	2022-01-01 19:00:53
2022-01-01 02:15:00.000	PT15M	10Y1001A1001A83F	CTY	DE CTY	DE	36538.66	2022-01-01 19:00:53
2022-01-01 02:30:00.000	PT15M	10Y1001A1001A83F	CTY	DE CTY	DE	36671.11	2022-01-01 19:00:53
2022-01-01 02:45:00.000	PT15M	10Y1001A1001A83F	CTY	DE CTY	DE	36318.75	2022-01-01 19:00:53
2022-01-01 03:00:00.000	PT15M	10Y1001A1001A83F	CTY	DE CTY	DE	36300.29	2022-01-01 12:30:56
2022-01-01 03:15:00.000	PT15M	10Y1001A1001A83F	CTY	DE CTY	DE	36038.38	2022-01-01 19:00:53
2022-01-01 03:30:00.000	PT15M	10Y1001A1001A83F	CTY	DE CTY	DE	36446.47	2022-01-01 19:00:53
2022-01-01 03:45:00.000	PT15M	10Y1001A1001A83F	CTY	DE CTY	DE	36104.82	2022-01-01 19:00:53
2022-01-01 00:00:00.000	PT15M	10Y1001A1001A83F	CTY	DE CTY	DE	39869.87	2022-01-01 19:00:53
2022-01-01 00:15:00.000	PT15M	10Y1001A1001A83F	CTY	DE CTY	DE	38861.61	2022-01-01 19:00:53
2022-01-01 00:30:00.000	PT15M	10Y1001A1001A83F	CTY	DE CTY	DE	38279.3	2022-01-01 19:00:53
2022-01-01 00:45:00.000	PT15M	10Y1001A1001A83F	CTY	DE CTY	DE	37769.34	2022-01-01 19:00:53
2022-01-01 01:00:00.000	PT15M	10Y1001A1001A83F	CTY	DE CTY	DE	37711.05	2022-01-01 19:00:53
2022-01-01 00:00:00.000	PT60M	10YDK-1--------W	BZN	DK1 BZN	DK1	1974.42	2022-01-01 03:00:50
2022-01-01 01:00:00.000	PT60M	10YDK-1--------W	BZN	DK1 BZN	DK1	1934.49	2022-01-01 04:00:46
2022-01-01 02:00:00.000	PT60M	10YDK-1--------W	BZN	DK1 BZN	DK1	1882.11	2022-01-01 05:00:53
2022-01-01 03:00:00.000	PT60M	10YDK-1--------W	BZN	DK1 BZN	DK1	1850.01	2022-01-01 06:00:51
2022-01-01 00:00:00.000	PT60M	10Y1001A1001B012	CTA	GE CTA	GE	1626.51	2022-01-01 02:15:55
2022-01-01 01:00:00.000	PT60M	10Y1001A1001B012	CTA	GE CTA	GE	1611.43	2022-01-01 03:15:54
2022-01-01 02:00:00.000	PT60M	10Y1001A1001B012	CTA	GE CTA	GE	1597.56	2022-01-01 05:15:57
2022-01-01 03:00:00.000	PT60M	10Y1001A1001B012	CTA	GE CTA	GE	1622.94	2022-01-01 05:15:57
2022-01-01 01:15:00.000	PT15M	10YDE-RWENET---I	CTA	DE(Amprion) CTA	DE_Amprion	14301.78	2022-01-01 19:00:58
2022-01-01 01:30:00.000	PT15M	10YDE-RWENET---I	CTA	DE(Amprion) CTA	DE_Amprion	14135.59	2022-01-01 19:00:58
2022-01-01 01:45:00.000	PT15M	10YDE-RWENET---I	CTA	DE(Amprion) CTA	DE_Amprion	14235.25	2022-01-01 19:00:58
2022-01-01 02:00:00.000	PT15M	10YDE-RWENET---I	CTA	DE(Amprion) CTA	DE_Amprion	14049.77	2022-01-01 19:00:58
2022-01-01 02:15:00.000	PT15M	10YDE-RWENET---I	CTA	DE(Amprion) CTA	DE_Amprion	14027.51	2022-01-01 19:00:58
2022-01-01 02:30:00.000	PT15M	10YDE-RWENET---I	CTA	DE(Amprion) CTA	DE_Amprion	14089.15	2022-01-01 19:00:58
2022-01-01 02:45:00.000	PT15M	10YDE-RWENET---I	CTA	DE(Amprion) CTA	DE_Amprion	14014.95	2022-01-01 19:00:58
2022-01-01 03:00:00.000	PT15M	10YDE-RWENET---I	CTA	DE(Amprion) CTA	DE_Amprion	13957.16	2022-01-01 12:30:59
2022-01-01 03:15:00.000	PT15M	10YDE-RWENET---I	CTA	DE(Amprion) CTA	DE_Amprion	13972.18	2022-01-01 19:00:58
2022-01-01 03:30:00.000	PT15M	10YDE-RWENET---I	CTA	DE(Amprion) CTA	DE_Amprion	14059.49	2022-01-01 19:00:58
2022-01-01 03:45:00.000	PT15M	10YDE-RWENET---I	CTA	DE(Amprion) CTA	DE_Amprion	13980.19	2022-01-01 19:00:58
2022-01-01 00:00:00.000	PT15M	10YDE-RWENET---I	CTA	DE(Amprion) CTA	DE_Amprion	15342.86	2022-01-01 19:00:58
2022-01-01 00:15:00.000	PT15M	10YDE-RWENET---I	CTA	DE(Amprion) CTA	DE_Amprion	15141.0	2022-01-01 19:00:58
2022-01-01 00:30:00.000	PT15M	10YDE-RWENET---I	CTA	DE(Amprion) CTA	DE_Amprion	14747.36	2022-01-01 19:00:58
2022-01-01 00:45:00.000	PT15M	10YDE-RWENET---I	CTA	DE(Amprion) CTA	DE_Amprion	14660.12	2022-01-01 19:00:58
2022-01-01 01:00:00.000	PT15M	10YDE-RWENET---I	CTA	DE(Amprion) CTA	DE_Amprion	14495.37	2022-01-01 19:00:58
2022-01-01 00:00:00.000	PT60M	10YGR-HTSO-----Y	CTA	GR CTA	GR	4462.0	2022-01-01 03:00:51
2022-01-01 01:00:00.000	PT60M	10YGR-HTSO-----Y	CTA	GR CTA	GR	4202.0	2022-01-01 04:00:49
2022-01-01 02:00:00.000	PT60M	10YGR-HTSO-----Y	CTA	GR CTA	GR	4034.0	2022-01-01 05:00:56
2022-01-01 03:00:00.000	PT60M	10YGR-HTSO-----Y	CTA	GR CTA	GR	3991.0	2022-01-01 06:00:55
2022-01-01 00:00:00.000	PT60M	10Y1001C--00100H	BZN	XK BZN	XK	1109.71	2022-01-01 04:16:54
2022-01-01 01:00:00.000	PT60M	10Y1001C--00100H	BZN	XK BZN	XK	1057.87	2022-01-01 04:16:54
2022-01-01 02:00:00.000	PT60M	10Y1001C--00100H	BZN	XK BZN	XK	949.92	2022-01-01 06:30:48
2022-01-01 03:00:00.000	PT60M	10Y1001C--00100H	BZN	XK BZN	XK	862.58	2022-01-01 06:30:48
2022-01-01 00:00:00.000	PT60M	10YCZ-CEPS-----N	CTY	CZ CTY	CZ	5260.86	2022-01-01 02:15:53
2022-01-01 01:00:00.000	PT60M	10YCZ-CEPS-----N	CTY	CZ CTY	CZ	5187.02	2022-01-01 03:15:55
2022-01-01 02:00:00.000	PT60M	10YCZ-CEPS-----N	CTY	CZ CTY	CZ	5034.19	2022-01-01 04:16:31
2022-01-01 03:00:00.000	PT60M	10YCZ-CEPS-----N	CTY	CZ CTY	CZ	4991.29	2022-01-01 05:15:57
2022-01-01 00:00:00.000	PT60M	10YCS-SERBIATSOV	CTA	RS CTA	RS	4174.0	2022-01-02 08:01:02
2022-01-01 01:00:00.000	PT60M	10YCS-SERBIATSOV	CTA	RS CTA	RS	3988.0	2022-01-02 08:01:02
2022-01-01 02:00:00.000	PT60M	10YCS-SERBIATSOV	CTA	RS CTA	RS	3724.0	2022-01-02 08:01:02
2022-01-01 03:00:00.000	PT60M	10YCS-SERBIATSOV	CTA	RS CTA	RS	3538.0	2022-01-02 08:01:02
2022-01-01 00:00:00.000	PT60M	10YSE-1--------K	CTY	SE CTY	SE	15331.0	2022-01-01 03:00:54
2022-01-01 01:00:00.000	PT60M	10YSE-1--------K	CTY	SE CTY	SE	15331.0	2022-01-01 04:00:50
2022-01-01 02:00:00.000	PT60M	10YSE-1--------K	CTY	SE CTY	SE	15270.0	2022-01-01 05:00:58
2022-01-01 03:00:00.000	PT60M	10YSE-1--------K	CTY	SE CTY	SE	15150.0	2022-01-01 06:00:58
2022-01-01 00:00:00.000	PT60M	10YPT-REN------W	CTY	PT CTY	PT	4565.7	2022-03-05 14:18:45
2022-01-01 01:00:00.000	PT60M	10YPT-REN------W	CTY	PT CTY	PT	4391.6	2022-03-05 14:18:45
2022-01-01 02:00:00.000	PT60M	10YPT-REN------W	CTY	PT CTY	PT	4097.5	2022-03-05 14:18:45
2022-01-01 03:00:00.000	PT60M	10YPT-REN------W	CTY	PT CTY	PT	3863.2	2022-03-05 14:18:45
2022-01-01 00:00:00.000	PT60M	10Y1001A1001A48H	BZN	NO5 BZN	NO5	1990.8	2022-01-02 03:00:54
2022-01-01 01:00:00.000	PT60M	10Y1001A1001A48H	BZN	NO5 BZN	NO5	1969.38	2022-01-02 03:00:55
2022-01-01 02:00:00.000	PT60M	10Y1001A1001A48H	BZN	NO5 BZN	NO5	1911.43	2022-01-02 03:00:55
2022-01-01 03:00:00.000	PT60M	10Y1001A1001A48H	BZN	NO5 BZN	NO5	1995.69	2022-01-02 03:00:55
2022-01-01 00:00:00.000	PT60M	10YES-REE------0	BZN	ES BZN	ES	20827.0	2022-01-01 02:30:46
2022-01-01 01:00:00.000	PT60M	10YES-REE------0	BZN	ES BZN	ES	19530.0	2022-01-01 03:30:48
2022-01-01 02:00:00.000	PT60M	10YES-REE------0	BZN	ES BZN	ES	18383.0	2022-01-01 04:30:49
2022-01-01 03:00:00.000	PT60M	10YES-REE------0	BZN	ES BZN	ES	17680.0	2022-01-01 05:30:48
2022-01-01 00:00:00.000	PT60M	10Y1001A1001A70O	BZN	IT-Centre-North BZN	IT-CNORTH	1821.0	2022-01-02 07:15:50
2022-01-01 01:00:00.000	PT60M	10Y1001A1001A70O	BZN	IT-Centre-North BZN	IT-CNORTH	1691.0	2022-01-02 07:15:50
2022-01-01 02:00:00.000	PT60M	10Y1001A1001A70O	BZN	IT-Centre-North BZN	IT-CNORTH	1605.0	2022-01-02 07:15:50
2022-01-01 03:00:00.000	PT60M	10Y1001A1001A70O	BZN	IT-Centre-North BZN	IT-CNORTH	1546.0	2022-01-02 07:15:50
2022-01-01 01:15:00.000	PT15M	10YRO-TEL------P	BZN	RO BZN	RO	5470.0	2022-01-01 02:45:50
2022-01-01 01:30:00.000	PT15M	10YRO-TEL------P	BZN	RO BZN	RO	5426.0	2022-01-01 03:00:57
2022-01-01 01:45:00.000	PT15M	10YRO-TEL------P	BZN	RO BZN	RO	5378.0	2022-01-01 03:16:00
2022-01-01 02:00:00.000	PT15M	10YRO-TEL------P	BZN	RO BZN	RO	5349.0	2022-01-01 03:30:50
2022-01-01 02:15:00.000	PT15M	10YRO-TEL------P	BZN	RO BZN	RO	5323.0	2022-01-01 03:45:51
2022-01-01 02:30:00.000	PT15M	10YRO-TEL------P	BZN	RO BZN	RO	5308.0	2022-01-01 04:00:52
2022-01-01 02:45:00.000	PT15M	10YRO-TEL------P	BZN	RO BZN	RO	5290.0	2022-01-01 04:16:44
2022-01-01 03:00:00.000	PT15M	10YRO-TEL------P	BZN	RO BZN	RO	5274.0	2022-01-01 04:30:51
2022-01-01 03:15:00.000	PT15M	10YRO-TEL------P	BZN	RO BZN	RO	5270.0	2022-01-01 04:45:52
2022-01-01 03:30:00.000	PT15M	10YRO-TEL------P	BZN	RO BZN	RO	5257.0	2022-01-01 05:00:59
2022-01-01 03:45:00.000	PT15M	10YRO-TEL------P	BZN	RO BZN	RO	5241.0	2022-01-01 05:16:04
2022-01-01 00:00:00.000	PT15M	10YRO-TEL------P	BZN	RO BZN	RO	5704.0	2022-01-01 01:30:51
2022-01-01 00:15:00.000	PT15M	10YRO-TEL------P	BZN	RO BZN	RO	5641.0	2022-01-01 01:45:51
2022-01-01 00:30:00.000	PT15M	10YRO-TEL------P	BZN	RO BZN	RO	5594.0	2022-01-01 02:00:55
2022-01-01 00:45:00.000	PT15M	10YRO-TEL------P	BZN	RO BZN	RO	5549.0	2022-01-01 02:16:01
2022-01-01 01:00:00.000	PT15M	10YRO-TEL------P	BZN	RO BZN	RO	5502.0	2022-01-01 02:30:48
2022-01-01 00:00:00.000	PT60M	10Y1001C--00100H	CTY	XK CTY	XK	1109.71	2022-01-01 04:16:54
2022-01-01 01:00:00.000	PT60M	10Y1001C--00100H	CTY	XK CTY	XK	1057.87	2022-01-01 04:16:54
2022-01-01 02:00:00.000	PT60M	10Y1001C--00100H	CTY	XK CTY	XK	949.92	2022-01-01 06:30:48
2022-01-01 03:00:00.000	PT60M	10Y1001C--00100H	CTY	XK CTY	XK	862.58	2022-01-01 06:30:48
2022-01-01 00:00:00.000	PT60M	10YLV-1001A00074	CTA	LV CTA	LV	667.0	2022-01-01 02:15:48
2022-01-01 01:00:00.000	PT60M	10YLV-1001A00074	CTA	LV CTA	LV	650.0	2022-01-01 03:15:46
2022-01-01 02:00:00.000	PT60M	10YLV-1001A00074	CTA	LV CTA	LV	633.0	2022-01-01 04:15:48
2022-01-01 03:00:00.000	PT60M	10YLV-1001A00074	CTA	LV CTA	LV	633.0	2022-01-01 05:15:49
2022-01-01 00:00:00.000	PT60M	10YCS-CG-TSO---S	CTY	ME CTY	ME	294.47	2022-01-01 04:30:52
2022-01-01 01:00:00.000	PT60M	10YCS-CG-TSO---S	CTY	ME CTY	ME	259.6	2022-01-01 04:30:52
2022-01-01 02:00:00.000	PT60M	10YCS-CG-TSO---S	CTY	ME CTY	ME	228.07	2022-01-01 04:30:52
2022-01-01 03:00:00.000	PT60M	10YCS-CG-TSO---S	CTY	ME CTY	ME	217.98	2022-01-01 05:30:51
2022-01-01 00:00:00.000	PT60M	10YNO-3--------J	BZN	NO3 BZN	NO3	3463.11	2022-01-02 03:00:54
2022-01-01 01:00:00.000	PT60M	10YNO-3--------J	BZN	NO3 BZN	NO3	3388.36	2022-01-02 03:00:54
2022-01-01 02:00:00.000	PT60M	10YNO-3--------J	BZN	NO3 BZN	NO3	3387.39	2022-01-02 03:00:54
2022-01-01 03:00:00.000	PT60M	10YNO-3--------J	BZN	NO3 BZN	NO3	3375.79	2022-01-02 03:00:54
2022-01-01 01:15:00.000	PT15M	10YAT-APG------L	CTY	AT CTY	AT	5496.0	2022-01-01 03:15:56
2022-01-01 01:30:00.000	PT15M	10YAT-APG------L	CTY	AT CTY	AT	5418.8	2022-01-01 03:45:49
2022-01-01 01:45:00.000	PT15M	10YAT-APG------L	CTY	AT CTY	AT	5346.8	2022-01-01 03:45:49
2022-01-01 02:00:00.000	PT15M	10YAT-APG------L	CTY	AT CTY	AT	5308.4	2022-01-01 04:16:32
2022-01-01 02:15:00.000	PT15M	10YAT-APG------L	CTY	AT CTY	AT	5244.0	2022-01-01 04:16:32
2022-01-01 02:30:00.000	PT15M	10YAT-APG------L	CTY	AT CTY	AT	5219.2	2022-01-01 04:45:49
2022-01-01 02:45:00.000	PT15M	10YAT-APG------L	CTY	AT CTY	AT	5189.2	2022-01-01 04:45:49
2022-01-01 03:00:00.000	PT15M	10YAT-APG------L	CTY	AT CTY	AT	5195.6	2022-01-01 05:15:58
2022-01-01 03:15:00.000	PT15M	10YAT-APG------L	CTY	AT CTY	AT	5179.6	2022-01-01 05:15:58
2022-01-01 03:30:00.000	PT15M	10YAT-APG------L	CTY	AT CTY	AT	5182.8	2022-01-01 05:45:47
2022-01-01 03:45:00.000	PT15M	10YAT-APG------L	CTY	AT CTY	AT	5188.4	2022-01-01 05:45:47
2022-01-01 00:00:00.000	PT15M	10YAT-APG------L	CTY	AT CTY	AT	5707.2	2022-01-01 02:15:55
2022-01-01 00:15:00.000	PT15M	10YAT-APG------L	CTY	AT CTY	AT	5632.0	2022-01-01 02:15:55
2022-01-01 00:30:00.000	PT15M	10YAT-APG------L	CTY	AT CTY	AT	5550.4	2022-01-01 02:45:46
2022-01-01 00:45:00.000	PT15M	10YAT-APG------L	CTY	AT CTY	AT	5485.2	2022-01-01 02:45:46
2022-01-01 01:00:00.000	PT15M	10YAT-APG------L	CTY	AT CTY	AT	5555.2	2022-01-01 03:15:56
2022-01-01 00:00:00.000	PT60M	10YCS-SERBIATSOV	BZN	RS BZN	RS	4174.0	2022-01-02 08:01:02
2022-01-01 01:00:00.000	PT60M	10YCS-SERBIATSOV	BZN	RS BZN	RS	3988.0	2022-01-02 08:01:02
2022-01-01 02:00:00.000	PT60M	10YCS-SERBIATSOV	BZN	RS BZN	RS	3724.0	2022-01-02 08:01:02
2022-01-01 03:00:00.000	PT60M	10YCS-SERBIATSOV	BZN	RS BZN	RS	3538.0	2022-01-02 08:01:02
2022-01-01 00:00:00.000	PT60M	10YES-REE------0	CTA	ES CTA	ES	20827.0	2022-01-01 02:30:46
2022-01-01 01:00:00.000	PT60M	10YES-REE------0	CTA	ES CTA	ES	19530.0	2022-01-01 03:30:48
2022-01-01 02:00:00.000	PT60M	10YES-REE------0	CTA	ES CTA	ES	18383.0	2022-01-01 04:30:49
2022-01-01 03:00:00.000	PT60M	10YES-REE------0	CTA	ES CTA	ES	17680.0	2022-01-01 05:30:48
